merged_idx,logic_id,file_path,label,label_localIndex,source,label_globalIndex,is_overlap,predict_global_label_A,predict_global_label_B
67,67,car_body_style/party_A/dataset_split/val/Convertible/d814bf55-66b6-11eb-9293-8c164571e025.jpg,Convertible,1,1,1,1,1,1
68,68,car_body_style/party_A/dataset_split/val/Convertible/d813fc5d-66b6-11eb-9130-8c164571e025.jpg,Convertible,1,1,1,1,1,1
69,69,car_body_style/party_A/dataset_split/val/Convertible/d81644bb-66b6-11eb-b4b9-8c164571e025.jpg,Convertible,1,1,1,1,1,1
70,70,car_body_style/party_A/dataset_split/val/Convertible/d8142320-66b6-11eb-8a47-8c164571e025.jpg,Convertible,1,1,1,1,2,1
71,71,car_body_style/party_A/dataset_split/val/Convertible/d8153417-66b6-11eb-b61b-8c164571e025.jpg,Convertible,1,1,1,1,1,1
72,72,car_body_style/party_A/dataset_split/val/Convertible/d81533fb-66b6-11eb-98a0-8c164571e025.jpg,Convertible,1,1,1,1,1,1
73,73,car_body_style/party_A/dataset_split/val/Convertible/d8161dcf-66b6-11eb-88a8-8c164571e025.jpg,Convertible,1,1,1,1,1,1
74,74,car_body_style/party_A/dataset_split/val/Convertible/d815a8d9-66b6-11eb-ab24-8c164571e025.jpg,Convertible,1,1,1,1,2,1
75,75,car_body_style/party_A/dataset_split/val/Convertible/d813adfb-66b6-11eb-982b-8c164571e025.jpg,Convertible,1,1,1,1,1,1
76,76,car_body_style/party_A/dataset_split/val/Convertible/d8150d0a-66b6-11eb-927b-8c164571e025.jpg,Convertible,1,1,1,1,1,1
77,77,car_body_style/party_A/dataset_split/val/Convertible/d81581e3-66b6-11eb-9a82-8c164571e025.jpg,Convertible,1,1,1,1,1,1
78,78,car_body_style/party_A/dataset_split/val/Convertible/d81533fa-66b6-11eb-9fbc-8c164571e025.jpg,Convertible,1,1,1,1,1,1
79,79,car_body_style/party_A/dataset_split/val/Convertible/d8166bce-66b6-11eb-b89b-8c164571e025.jpg,Convertible,1,1,1,1,1,1
80,80,car_body_style/party_A/dataset_split/val/Convertible/d813ae0c-66b6-11eb-8021-8c164571e025.jpg,Convertible,1,1,1,1,1,1
81,81,car_body_style/party_A/dataset_split/val/Convertible/d815f6bf-66b6-11eb-8a16-8c164571e025.jpg,Convertible,1,1,1,1,1,1
82,82,car_body_style/party_A/dataset_split/val/Convertible/d815a8dd-66b6-11eb-b0af-8c164571e025.jpg,Convertible,1,1,1,1,2,1
83,83,car_body_style/party_A/dataset_split/val/Convertible/d8131239-66b6-11eb-b34d-8c164571e025.jpg,Convertible,1,1,1,1,1,1
84,84,car_body_style/party_A/dataset_split/val/Convertible/d8166bc4-66b6-11eb-9df7-8c164571e025.jpg,Convertible,1,1,1,1,1,1
85,85,car_body_style/party_A/dataset_split/val/Convertible/d8155af0-66b6-11eb-aafb-8c164571e025.jpg,Convertible,1,1,1,1,1,1
86,86,car_body_style/party_A/dataset_split/val/Convertible/d81644aa-66b6-11eb-af45-8c164571e025.jpg,Convertible,1,1,1,1,1,1
87,87,car_body_style/party_A/dataset_split/val/Convertible/d8161ddd-66b6-11eb-a3db-8c164571e025.jpg,Convertible,1,1,1,1,1,1
88,88,car_body_style/party_A/dataset_split/val/Convertible/d8133932-66b6-11eb-8866-8c164571e025.jpg,Convertible,1,1,1,1,1,1
89,89,car_body_style/party_A/dataset_split/val/Convertible/d814232d-66b6-11eb-8795-8c164571e025.jpg,Convertible,1,1,1,1,1,2
90,90,car_body_style/party_A/dataset_split/val/Convertible/d8155ad3-66b6-11eb-ac9e-8c164571e025.jpg,Convertible,1,1,1,1,1,1
91,91,car_body_style/party_A/dataset_split/val/Convertible/d8161de5-66b6-11eb-87ca-8c164571e025.jpg,Convertible,1,1,1,1,1,1
92,92,car_body_style/party_A/dataset_split/val/Convertible/d813fc6d-66b6-11eb-9a8c-8c164571e025.jpg,Convertible,1,1,1,1,1,1
93,93,car_body_style/party_A/dataset_split/val/Convertible/d815a8d7-66b6-11eb-b700-8c164571e025.jpg,Convertible,1,1,1,1,1,1
94,94,car_body_style/party_A/dataset_split/val/Convertible/d8166bd5-66b6-11eb-a810-8c164571e025.jpg,Convertible,1,1,1,1,1,1
95,95,car_body_style/party_A/dataset_split/val/Convertible/d814bf3b-66b6-11eb-8a69-8c164571e025.jpg,Convertible,1,1,1,1,1,1
96,96,car_body_style/party_A/dataset_split/val/Convertible/d81581e6-66b6-11eb-8dd8-8c164571e025.jpg,Convertible,1,1,1,1,1,1
97,97,car_body_style/party_A/dataset_split/val/Convertible/d813d51b-66b6-11eb-bd08-8c164571e025.jpg,Convertible,1,1,1,1,1,1
98,98,car_body_style/party_A/dataset_split/val/Convertible/d813fc53-66b6-11eb-9b00-8c164571e025.jpg,Convertible,1,1,1,1,1,1
99,99,car_body_style/party_A/dataset_split/val/Convertible/d814232a-66b6-11eb-b061-8c164571e025.jpg,Convertible,1,1,1,1,1,1
100,100,car_body_style/party_A/dataset_split/val/Convertible/d8142327-66b6-11eb-b4ae-8c164571e025.jpg,Convertible,1,1,1,1,1,1
101,101,car_body_style/party_A/dataset_split/val/Convertible/d8161dd5-66b6-11eb-808d-8c164571e025.jpg,Convertible,1,1,1,1,1,2
102,102,car_body_style/party_A/dataset_split/val/Convertible/d813adff-66b6-11eb-9a26-8c164571e025.jpg,Convertible,1,1,1,1,1,1
103,103,car_body_style/party_A/dataset_split/val/Convertible/d8166be4-66b6-11eb-9ff6-8c164571e025.jpg,Convertible,1,1,1,1,1,1
104,104,car_body_style/party_A/dataset_split/val/Convertible/d81644b9-66b6-11eb-88db-8c164571e025.jpg,Convertible,1,1,1,1,1,1
105,105,car_body_style/party_A/dataset_split/val/Convertible/d815a8d4-66b6-11eb-afe9-8c164571e025.jpg,Convertible,1,1,1,1,1,1
106,106,car_body_style/party_A/dataset_split/val/Convertible/d814e625-66b6-11eb-a650-8c164571e025.jpg,Convertible,1,1,1,1,1,1
107,107,car_body_style/party_A/dataset_split/val/Convertible/d816921a-66b6-11eb-a92c-8c164571e025.jpg,Convertible,1,1,1,1,1,1
108,108,car_body_style/party_A/dataset_split/val/Convertible/d8155adf-66b6-11eb-95db-8c164571e025.jpg,Convertible,1,1,1,1,1,1
109,109,car_body_style/party_A/dataset_split/val/Convertible/d8166bc9-66b6-11eb-88f6-8c164571e025.jpg,Convertible,1,1,1,1,7,1
110,110,car_body_style/party_A/dataset_split/val/Convertible/d81581eb-66b6-11eb-aff5-8c164571e025.jpg,Convertible,1,1,1,1,1,1
111,111,car_body_style/party_A/dataset_split/val/Convertible/d8155ad2-66b6-11eb-9204-8c164571e025.jpg,Convertible,1,1,1,1,1,1
112,112,car_body_style/party_A/dataset_split/val/Convertible/d8142336-66b6-11eb-8d1b-8c164571e025.jpg,Convertible,1,1,1,1,1,2
113,113,car_body_style/party_A/dataset_split/val/Convertible/d8133931-66b6-11eb-9100-8c164571e025.jpg,Convertible,1,1,1,1,1,1
114,114,car_body_style/party_A/dataset_split/val/Convertible/d81644a4-66b6-11eb-87b6-8c164571e025.jpg,Convertible,1,1,1,1,2,8
115,115,car_body_style/party_A/dataset_split/val/Convertible/d815a8de-66b6-11eb-8dc4-8c164571e025.jpg,Convertible,1,1,1,1,1,1
116,116,car_body_style/party_A/dataset_split/val/Convertible/d81644ad-66b6-11eb-8a98-8c164571e025.jpg,Convertible,1,1,1,1,1,1
117,117,car_body_style/party_A/dataset_split/val/Convertible/d8155ad9-66b6-11eb-9972-8c164571e025.jpg,Convertible,1,1,1,1,2,1
118,118,car_body_style/party_A/dataset_split/val/Convertible/d8166bdf-66b6-11eb-bc26-8c164571e025.jpg,Convertible,1,1,1,1,1,1
119,119,car_body_style/party_A/dataset_split/val/Convertible/d8136019-66b6-11eb-bc29-8c164571e025.jpg,Convertible,1,1,1,1,1,1
120,120,car_body_style/party_A/dataset_split/val/Convertible/d8144a4d-66b6-11eb-a152-8c164571e025.jpg,Convertible,1,1,1,1,1,1
121,121,car_body_style/party_A/dataset_split/val/Convertible/d8133927-66b6-11eb-9c62-8c164571e025.jpg,Convertible,1,1,1,1,1,1
122,122,car_body_style/party_A/dataset_split/val/Convertible/d81644bc-66b6-11eb-ab4e-8c164571e025.jpg,Convertible,1,1,1,1,1,1
123,123,car_body_style/party_A/dataset_split/val/Convertible/d8144a48-66b6-11eb-8963-8c164571e025.jpg,Convertible,1,1,1,1,1,7
124,124,car_body_style/party_A/dataset_split/val/Convertible/d81644ae-66b6-11eb-ad84-8c164571e025.jpg,Convertible,1,1,1,1,1,1
125,125,car_body_style/party_A/dataset_split/val/Convertible/d8161ddf-66b6-11eb-8286-8c164571e025.jpg,Convertible,1,1,1,1,1,1
126,126,car_body_style/party_A/dataset_split/val/Convertible/d815cfef-66b6-11eb-bb5f-8c164571e025.jpg,Convertible,1,1,1,1,1,1
127,127,car_body_style/party_A/dataset_split/val/Convertible/d8166bba-66b6-11eb-868d-8c164571e025.jpg,Convertible,1,1,1,1,1,1
128,128,car_body_style/party_A/dataset_split/val/Convertible/d8131228-66b6-11eb-a6fa-8c164571e025.jpg,Convertible,1,1,1,1,1,1
129,129,car_body_style/party_A/dataset_split/val/Convertible/d8155ae3-66b6-11eb-8f3e-8c164571e025.jpg,Convertible,1,1,1,1,1,1
130,130,car_body_style/party_A/dataset_split/val/Convertible/d813602a-66b6-11eb-a305-8c164571e025.jpg,Convertible,1,1,1,1,1,2
131,131,car_body_style/party_A/dataset_split/val/Convertible/d814981f-66b6-11eb-96db-8c164571e025.jpg,Convertible,1,1,1,1,2,3
132,132,car_body_style/party_A/dataset_split/val/Convertible/d81644a9-66b6-11eb-aab0-8c164571e025.jpg,Convertible,1,1,1,1,1,1
133,133,car_body_style/party_A/dataset_split/val/Convertible/d8166bd8-66b6-11eb-9652-8c164571e025.jpg,Convertible,1,1,1,1,1,1
134,134,car_body_style/party_A/dataset_split/val/Convertible/d814bf38-66b6-11eb-b92c-8c164571e025.jpg,Convertible,1,1,1,1,1,1
135,135,car_body_style/party_A/dataset_split/val/Convertible/d8166bb8-66b6-11eb-a5c7-8c164571e025.jpg,Convertible,1,1,1,1,1,1
136,136,car_body_style/party_A/dataset_split/val/Convertible/d813392e-66b6-11eb-a906-8c164571e025.jpg,Convertible,1,1,1,1,7,6
137,137,car_body_style/party_A/dataset_split/val/Convertible/d8150d10-66b6-11eb-937f-8c164571e025.jpg,Convertible,1,1,1,1,1,1
138,138,car_body_style/party_A/dataset_split/val/Convertible/d8150d0b-66b6-11eb-aba1-8c164571e025.jpg,Convertible,1,1,1,1,1,1
139,139,car_body_style/party_A/dataset_split/val/Convertible/d814bf4f-66b6-11eb-9cfa-8c164571e025.jpg,Convertible,1,1,1,1,1,1
140,140,car_body_style/party_A/dataset_split/val/Convertible/d8166bd7-66b6-11eb-aab3-8c164571e025.jpg,Convertible,1,1,1,1,1,1
141,141,car_body_style/party_A/dataset_split/val/Convertible/d81581ee-66b6-11eb-9bbf-8c164571e025.jpg,Convertible,1,1,1,1,1,1
142,142,car_body_style/party_A/dataset_split/val/Convertible/d814982c-66b6-11eb-9a8e-8c164571e025.jpg,Convertible,1,1,1,1,1,1
143,143,car_body_style/party_A/dataset_split/val/Convertible/d814bf52-66b6-11eb-b8eb-8c164571e025.jpg,Convertible,1,1,1,1,1,1
144,144,car_body_style/party_A/dataset_split/val/Convertible/d81581df-66b6-11eb-9e10-8c164571e025.jpg,Convertible,1,1,1,1,1,1
145,145,car_body_style/party_A/dataset_split/val/Convertible/d8150d0f-66b6-11eb-89bd-8c164571e025.jpg,Convertible,1,1,1,1,1,1
146,146,car_body_style/party_A/dataset_split/val/Convertible/d814233b-66b6-11eb-9e93-8c164571e025.jpg,Convertible,1,1,1,1,1,1
147,147,car_body_style/party_A/dataset_split/val/Convertible/d814bf51-66b6-11eb-b786-8c164571e025.jpg,Convertible,1,1,1,1,2,1
148,148,car_body_style/party_A/dataset_split/val/Convertible/d813fc57-66b6-11eb-ad9c-8c164571e025.jpg,Convertible,1,1,1,1,1,1
149,149,car_body_style/party_A/dataset_split/val/Convertible/d814e63a-66b6-11eb-acae-8c164571e025.jpg,Convertible,1,1,1,1,1,1
150,150,car_body_style/party_A/dataset_split/val/Convertible/d8144a40-66b6-11eb-a28e-8c164571e025.jpg,Convertible,1,1,1,1,1,1
151,151,car_body_style/party_A/dataset_split/val/Convertible/d813601b-66b6-11eb-9c86-8c164571e025.jpg,Convertible,1,1,1,1,2,1
152,152,car_body_style/party_A/dataset_split/val/Convertible/d813d505-66b6-11eb-8190-8c164571e025.jpg,Convertible,1,1,1,1,1,1
153,153,car_body_style/party_A/dataset_split/val/Convertible/d815340b-66b6-11eb-aac7-8c164571e025.jpg,Convertible,1,1,1,1,1,1
154,154,car_body_style/party_A/dataset_split/val/Convertible/d813123f-66b6-11eb-beae-8c164571e025.jpg,Convertible,1,1,1,1,1,1
155,155,car_body_style/party_A/dataset_split/val/Convertible/d8133935-66b6-11eb-97c7-8c164571e025.jpg,Convertible,1,1,1,1,1,1
156,156,car_body_style/party_A/dataset_split/val/Convertible/d815f6d0-66b6-11eb-aa12-8c164571e025.jpg,Convertible,1,1,1,1,1,1
157,157,car_body_style/party_A/dataset_split/val/Convertible/d8144a51-66b6-11eb-a343-8c164571e025.jpg,Convertible,1,1,1,1,1,1
158,158,car_body_style/party_A/dataset_split/val/Convertible/d8150d19-66b6-11eb-abe2-8c164571e025.jpg,Convertible,1,1,1,1,7,7
159,159,car_body_style/party_A/dataset_split/val/Convertible/d8150d09-66b6-11eb-a51a-8c164571e025.jpg,Convertible,1,1,1,1,1,1
160,160,car_body_style/party_A/dataset_split/val/Convertible/d815340e-66b6-11eb-b491-8c164571e025.jpg,Convertible,1,1,1,1,1,1
161,161,car_body_style/party_A/dataset_split/val/Convertible/d8161dda-66b6-11eb-9275-8c164571e025.jpg,Convertible,1,1,1,1,1,1
162,162,car_body_style/party_A/dataset_split/val/Convertible/d813d50b-66b6-11eb-9533-8c164571e025.jpg,Convertible,1,1,1,1,1,1
163,163,car_body_style/party_A/dataset_split/val/Convertible/d814e626-66b6-11eb-9c0f-8c164571e025.jpg,Convertible,1,1,1,1,1,9
164,164,car_body_style/party_A/dataset_split/val/Convertible/d815f6d5-66b6-11eb-8cf4-8c164571e025.jpg,Convertible,1,1,1,1,2,5
165,165,car_body_style/party_A/dataset_split/val/Convertible/d8166bbc-66b6-11eb-8299-8c164571e025.jpg,Convertible,1,1,1,1,1,1
166,166,car_body_style/party_A/dataset_split/val/Convertible/d813fc56-66b6-11eb-b7ea-8c164571e025.jpg,Convertible,1,1,1,1,2,2
167,167,car_body_style/party_A/dataset_split/val/Convertible/d8133929-66b6-11eb-9885-8c164571e025.jpg,Convertible,1,1,1,1,1,1
168,168,car_body_style/party_A/dataset_split/val/Convertible/d813fc62-66b6-11eb-86c7-8c164571e025.jpg,Convertible,1,1,1,1,1,6
169,169,car_body_style/party_A/dataset_split/val/Convertible/d813fc63-66b6-11eb-89b2-8c164571e025.jpg,Convertible,1,1,1,1,1,1
170,170,car_body_style/party_A/dataset_split/val/Convertible/d81581e1-66b6-11eb-9007-8c164571e025.jpg,Convertible,1,1,1,1,1,1
171,171,car_body_style/party_A/dataset_split/val/Convertible/d815a8e6-66b6-11eb-938a-8c164571e025.jpg,Convertible,1,1,1,1,1,1
172,172,car_body_style/party_A/dataset_split/val/Convertible/d8149829-66b6-11eb-9050-8c164571e025.jpg,Convertible,1,1,1,1,1,1
173,173,car_body_style/party_A/dataset_split/val/Convertible/d8131230-66b6-11eb-8ead-8c164571e025.jpg,Convertible,1,1,1,1,1,1
174,174,car_body_style/party_A/dataset_split/val/Convertible/d814982a-66b6-11eb-bf30-8c164571e025.jpg,Convertible,1,1,1,1,1,1
175,175,car_body_style/party_A/dataset_split/val/Convertible/d814e62e-66b6-11eb-a54a-8c164571e025.jpg,Convertible,1,1,1,1,1,1
176,176,car_body_style/party_A/dataset_split/val/Convertible/d814e639-66b6-11eb-aa26-8c164571e025.jpg,Convertible,1,1,1,1,1,1
177,177,car_body_style/party_A/dataset_split/val/Convertible/d8166bbd-66b6-11eb-980b-8c164571e025.jpg,Convertible,1,1,1,1,1,1
178,178,car_body_style/party_A/dataset_split/val/Convertible/d815cffb-66b6-11eb-be09-8c164571e025.jpg,Convertible,1,1,1,1,1,8
179,179,car_body_style/party_A/dataset_split/val/Convertible/d8166bcc-66b6-11eb-9a95-8c164571e025.jpg,Convertible,1,1,1,1,1,1
180,180,car_body_style/party_A/dataset_split/val/Convertible/d8136022-66b6-11eb-9325-8c164571e025.jpg,Convertible,1,1,1,1,7,1
181,181,car_body_style/party_A/dataset_split/val/Convertible/d81644b8-66b6-11eb-80a1-8c164571e025.jpg,Convertible,1,1,1,1,7,2
182,182,car_body_style/party_A/dataset_split/val/Convertible/d8155ade-66b6-11eb-a4e6-8c164571e025.jpg,Convertible,1,1,1,1,1,2
183,183,car_body_style/party_A/dataset_split/val/Convertible/d8150d18-66b6-11eb-891d-8c164571e025.jpg,Convertible,1,1,1,1,1,6
184,184,car_body_style/party_A/dataset_split/val/Convertible/d8133922-66b6-11eb-b843-8c164571e025.jpg,Convertible,1,1,1,1,1,1
185,185,car_body_style/party_A/dataset_split/val/Convertible/d8147137-66b6-11eb-968c-8c164571e025.jpg,Convertible,1,1,1,1,1,1
186,186,car_body_style/party_A/dataset_split/val/Convertible/d8142332-66b6-11eb-9954-8c164571e025.jpg,Convertible,1,1,1,1,1,1
187,187,car_body_style/party_A/dataset_split/val/Convertible/d813601d-66b6-11eb-bdc9-8c164571e025.jpg,Convertible,1,1,1,1,1,1
188,188,car_body_style/party_A/dataset_split/val/Convertible/d815cff4-66b6-11eb-9641-8c164571e025.jpg,Convertible,1,1,1,1,2,1
189,189,car_body_style/party_A/dataset_split/val/Convertible/d8133925-66b6-11eb-8b2b-8c164571e025.jpg,Convertible,1,1,1,1,1,1
190,190,car_body_style/party_A/dataset_split/val/Convertible/d8147130-66b6-11eb-beb7-8c164571e025.jpg,Convertible,1,1,1,1,1,1
191,191,car_body_style/party_A/dataset_split/val/Convertible/d8136013-66b6-11eb-b242-8c164571e025.jpg,Convertible,1,1,1,1,1,1
192,192,car_body_style/party_A/dataset_split/val/Convertible/d814e624-66b6-11eb-865f-8c164571e025.jpg,Convertible,1,1,1,1,1,1
193,193,car_body_style/party_A/dataset_split/val/Convertible/d81581e4-66b6-11eb-b8af-8c164571e025.jpg,Convertible,1,1,1,1,1,1
194,194,car_body_style/party_A/dataset_split/val/Convertible/d815f6d4-66b6-11eb-b98e-8c164571e025.jpg,Convertible,1,1,1,1,1,1
195,195,car_body_style/party_A/dataset_split/val/Convertible/d8166bc0-66b6-11eb-a8be-8c164571e025.jpg,Convertible,1,1,1,1,1,1
196,196,car_body_style/party_A/dataset_split/val/Convertible/d813122f-66b6-11eb-a2c7-8c164571e025.jpg,Convertible,1,1,1,1,1,3
197,197,car_body_style/party_A/dataset_split/val/Convertible/d8149824-66b6-11eb-b188-8c164571e025.jpg,Convertible,1,1,1,1,1,1
198,198,car_body_style/party_A/dataset_split/val/Convertible/d8166be5-66b6-11eb-873c-8c164571e025.jpg,Convertible,1,1,1,1,1,1
199,199,car_body_style/party_A/dataset_split/val/Coupe/0ab3f03f-66b3-11eb-9c29-8c164571e025.jpg,Coupe,2,1,2,1,2,3
200,200,car_body_style/party_A/dataset_split/val/Coupe/0ab3f038-66b3-11eb-8270-8c164571e025.jpg,Coupe,2,1,2,1,2,2
201,201,car_body_style/party_A/dataset_split/val/Coupe/0ab6613d-66b3-11eb-bbc8-8c164571e025.jpg,Coupe,2,1,2,1,1,3
202,202,car_body_style/party_A/dataset_split/val/Coupe/0ab3f029-66b3-11eb-95dd-8c164571e025.jpg,Coupe,2,1,2,1,2,2
203,203,car_body_style/party_A/dataset_split/val/Coupe/0ab66157-66b3-11eb-938d-8c164571e025.jpg,Coupe,2,1,2,1,7,7
204,204,car_body_style/party_A/dataset_split/val/Coupe/0ab6fd49-66b3-11eb-bc94-8c164571e025.jpg,Coupe,2,1,2,1,2,6
205,205,car_body_style/party_A/dataset_split/val/Coupe/0ab528a8-66b3-11eb-beff-8c164571e025.jpg,Coupe,2,1,2,1,2,7
206,206,car_body_style/party_A/dataset_split/val/Coupe/0ab528fc-66b3-11eb-ad7a-8c164571e025.jpg,Coupe,2,1,2,1,4,7
207,207,car_body_style/party_A/dataset_split/val/Coupe/0ab5c500-66b3-11eb-b161-8c164571e025.jpg,Coupe,2,1,2,1,2,6
208,208,car_body_style/party_A/dataset_split/val/Coupe/0ab6fd91-66b3-11eb-89c2-8c164571e025.jpg,Coupe,2,1,2,1,2,2
209,209,car_body_style/party_A/dataset_split/val/Coupe/0ab48d48-66b3-11eb-a4a4-8c164571e025.jpg,Coupe,2,1,2,1,1,6
210,210,car_body_style/party_A/dataset_split/val/Coupe/0ab6fd6b-66b3-11eb-8233-8c164571e025.jpg,Coupe,2,1,2,1,3,8
211,211,car_body_style/party_A/dataset_split/val/Coupe/0ab6fd6f-66b3-11eb-a9e5-8c164571e025.jpg,Coupe,2,1,2,1,2,7
212,212,car_body_style/party_A/dataset_split/val/Coupe/0ab66130-66b3-11eb-8b0f-8c164571e025.jpg,Coupe,2,1,2,1,2,1
213,213,car_body_style/party_A/dataset_split/val/Coupe/0ab528d3-66b3-11eb-8dde-8c164571e025.jpg,Coupe,2,1,2,1,2,2
214,214,car_body_style/party_A/dataset_split/val/Coupe/0ab6fd8d-66b3-11eb-947e-8c164571e025.jpg,Coupe,2,1,2,1,7,2
215,215,car_body_style/party_A/dataset_split/val/Coupe/0ab6fda2-66b3-11eb-ae25-8c164571e025.jpg,Coupe,2,1,2,1,2,2
216,216,car_body_style/party_A/dataset_split/val/Coupe/0ab6fdb7-66b3-11eb-adf0-8c164571e025.jpg,Coupe,2,1,2,1,2,5
217,217,car_body_style/party_A/dataset_split/val/Coupe/0ab6fdc6-66b3-11eb-9e21-8c164571e025.jpg,Coupe,2,1,2,1,2,2
218,218,car_body_style/party_A/dataset_split/val/Coupe/0ab48d4c-66b3-11eb-a6e6-8c164571e025.jpg,Coupe,2,1,2,1,2,2
219,219,car_body_style/party_A/dataset_split/val/Coupe/0ab6fd5d-66b3-11eb-8d5e-8c164571e025.jpg,Coupe,2,1,2,1,2,7
220,220,car_body_style/party_A/dataset_split/val/Coupe/0ab528e3-66b3-11eb-b6d8-8c164571e025.jpg,Coupe,2,1,2,1,3,1
221,221,car_body_style/party_A/dataset_split/val/Coupe/0ab6615b-66b3-11eb-aaeb-8c164571e025.jpg,Coupe,2,1,2,1,2,2
222,222,car_body_style/party_A/dataset_split/val/Coupe/0ab48d81-66b3-11eb-9d76-8c164571e025.jpg,Coupe,2,1,2,1,2,8
223,223,car_body_style/party_A/dataset_split/val/Coupe/0ab66156-66b3-11eb-860c-8c164571e025.jpg,Coupe,2,1,2,1,7,7
224,224,car_body_style/party_A/dataset_split/val/Coupe/0ab528e6-66b3-11eb-8819-8c164571e025.jpg,Coupe,2,1,2,1,1,1
225,225,car_body_style/party_A/dataset_split/val/Coupe/0ab5c4f3-66b3-11eb-897e-8c164571e025.jpg,Coupe,2,1,2,1,1,2
226,226,car_body_style/party_A/dataset_split/val/Coupe/0ab3f027-66b3-11eb-9d78-8c164571e025.jpg,Coupe,2,1,2,1,1,1
227,227,car_body_style/party_A/dataset_split/val/Coupe/0ab3f046-66b3-11eb-85c6-8c164571e025.jpg,Coupe,2,1,2,1,2,2
228,228,car_body_style/party_A/dataset_split/val/Coupe/0ab52905-66b3-11eb-93bc-8c164571e025.jpg,Coupe,2,1,2,1,2,2
229,229,car_body_style/party_A/dataset_split/val/Coupe/0ab48d68-66b3-11eb-9eca-8c164571e025.jpg,Coupe,2,1,2,1,1,2
230,230,car_body_style/party_A/dataset_split/val/Coupe/0ab66161-66b3-11eb-b3ab-8c164571e025.jpg,Coupe,2,1,2,1,7,5
231,231,car_body_style/party_A/dataset_split/val/Coupe/0ab6fdc8-66b3-11eb-83ba-8c164571e025.jpg,Coupe,2,1,2,1,1,1
232,232,car_body_style/party_A/dataset_split/val/Coupe/0ab6fd84-66b3-11eb-b26f-8c164571e025.jpg,Coupe,2,1,2,1,3,3
233,233,car_body_style/party_A/dataset_split/val/Coupe/0ab6614c-66b3-11eb-9b29-8c164571e025.jpg,Coupe,2,1,2,1,2,7
234,234,car_body_style/party_A/dataset_split/val/Coupe/0ab66124-66b3-11eb-ad6d-8c164571e025.jpg,Coupe,2,1,2,1,2,2
235,235,car_body_style/party_A/dataset_split/val/Coupe/0ab528f1-66b3-11eb-810b-8c164571e025.jpg,Coupe,2,1,2,1,0,6
236,236,car_body_style/party_A/dataset_split/val/Coupe/0ab5c520-66b3-11eb-a34b-8c164571e025.jpg,Coupe,2,1,2,1,7,2
237,237,car_body_style/party_A/dataset_split/val/Coupe/0ab66115-66b3-11eb-aaef-8c164571e025.jpg,Coupe,2,1,2,1,2,7
238,238,car_body_style/party_A/dataset_split/val/Coupe/0ab6fdc3-66b3-11eb-84b0-8c164571e025.jpg,Coupe,2,1,2,1,7,7
239,239,car_body_style/party_A/dataset_split/val/Coupe/0ab66143-66b3-11eb-9aac-8c164571e025.jpg,Coupe,2,1,2,1,2,2
240,240,car_body_style/party_A/dataset_split/val/Coupe/0ab528c8-66b3-11eb-a27b-8c164571e025.jpg,Coupe,2,1,2,1,1,1
241,241,car_body_style/party_A/dataset_split/val/Coupe/0ab5c4e2-66b3-11eb-9c9e-8c164571e025.jpg,Coupe,2,1,2,1,2,2
242,242,car_body_style/party_A/dataset_split/val/Coupe/0ab48d61-66b3-11eb-ad2e-8c164571e025.jpg,Coupe,2,1,2,1,7,8
243,243,car_body_style/party_A/dataset_split/val/Coupe/0ab6fda0-66b3-11eb-9519-8c164571e025.jpg,Coupe,2,1,2,1,2,3
244,244,car_body_style/party_A/dataset_split/val/Coupe/0ab66127-66b3-11eb-96c6-8c164571e025.jpg,Coupe,2,1,2,1,1,6
245,245,car_body_style/party_A/dataset_split/val/Coupe/0ab528ad-66b3-11eb-baeb-8c164571e025.jpg,Coupe,2,1,2,1,2,1
246,246,car_body_style/party_A/dataset_split/val/Coupe/0ab5c4df-66b3-11eb-9865-8c164571e025.jpg,Coupe,2,1,2,1,2,8
247,247,car_body_style/party_A/dataset_split/val/Coupe/0ab66123-66b3-11eb-967e-8c164571e025.jpg,Coupe,2,1,2,1,7,2
248,248,car_body_style/party_A/dataset_split/val/Coupe/0ab48d63-66b3-11eb-a4bb-8c164571e025.jpg,Coupe,2,1,2,1,2,2
249,249,car_body_style/party_A/dataset_split/val/Coupe/0ab528e5-66b3-11eb-8a14-8c164571e025.jpg,Coupe,2,1,2,1,3,3
250,250,car_body_style/party_A/dataset_split/val/Coupe/0ab528a6-66b3-11eb-9c52-8c164571e025.jpg,Coupe,2,1,2,1,2,2
251,251,car_body_style/party_A/dataset_split/val/Coupe/0ab48d84-66b3-11eb-90b9-8c164571e025.jpg,Coupe,2,1,2,1,2,8
252,252,car_body_style/party_A/dataset_split/val/Coupe/0ab6fd94-66b3-11eb-80e3-8c164571e025.jpg,Coupe,2,1,2,1,3,2
253,253,car_body_style/party_A/dataset_split/val/Coupe/0ab5c4e4-66b3-11eb-8fc4-8c164571e025.jpg,Coupe,2,1,2,1,7,3
254,254,car_body_style/party_A/dataset_split/val/Coupe/0ab6fd4b-66b3-11eb-9940-8c164571e025.jpg,Coupe,2,1,2,1,2,2
255,255,car_body_style/party_A/dataset_split/val/Coupe/0ab528b5-66b3-11eb-85c3-8c164571e025.jpg,Coupe,2,1,2,1,2,1
256,256,car_body_style/party_A/dataset_split/val/Coupe/0ab6611a-66b3-11eb-86e4-8c164571e025.jpg,Coupe,2,1,2,1,1,1
257,257,car_body_style/party_A/dataset_split/val/Coupe/0ab6fd7d-66b3-11eb-865b-8c164571e025.jpg,Coupe,2,1,2,1,3,8
258,258,car_body_style/party_A/dataset_split/val/Coupe/0ab66168-66b3-11eb-895f-8c164571e025.jpg,Coupe,2,1,2,1,7,8
259,259,car_body_style/party_A/dataset_split/val/Coupe/0ab3f039-66b3-11eb-a05e-8c164571e025.jpg,Coupe,2,1,2,1,2,1
260,260,car_body_style/party_A/dataset_split/val/Coupe/0ab528be-66b3-11eb-a465-8c164571e025.jpg,Coupe,2,1,2,1,2,2
261,261,car_body_style/party_A/dataset_split/val/Coupe/0ab5c505-66b3-11eb-8315-8c164571e025.jpg,Coupe,2,1,2,1,2,1
262,262,car_body_style/party_A/dataset_split/val/Coupe/0ab66141-66b3-11eb-814e-8c164571e025.jpg,Coupe,2,1,2,1,1,1
263,263,car_body_style/party_A/dataset_split/val/Coupe/0ab66134-66b3-11eb-8298-8c164571e025.jpg,Coupe,2,1,2,1,2,3
264,264,car_body_style/party_A/dataset_split/val/Coupe/0ab3f025-66b3-11eb-a3a4-8c164571e025.jpg,Coupe,2,1,2,1,2,2
265,265,car_body_style/party_A/dataset_split/val/Coupe/0ab5c4ef-66b3-11eb-94a8-8c164571e025.jpg,Coupe,2,1,2,1,2,2
266,266,car_body_style/party_A/dataset_split/val/Coupe/0ab5c4d5-66b3-11eb-a5ee-8c164571e025.jpg,Coupe,2,1,2,1,2,6
267,267,car_body_style/party_A/dataset_split/val/Coupe/0ab66131-66b3-11eb-81b3-8c164571e025.jpg,Coupe,2,1,2,1,7,7
268,268,car_body_style/party_A/dataset_split/val/Coupe/0ab6fd57-66b3-11eb-865e-8c164571e025.jpg,Coupe,2,1,2,1,2,6
269,269,car_body_style/party_A/dataset_split/val/Coupe/0ab6fd93-66b3-11eb-87bf-8c164571e025.jpg,Coupe,2,1,2,1,2,2
270,270,car_body_style/party_A/dataset_split/val/Coupe/0ab6fd76-66b3-11eb-af91-8c164571e025.jpg,Coupe,2,1,2,1,3,3
271,271,car_body_style/party_A/dataset_split/val/Coupe/0ab6fd80-66b3-11eb-943e-8c164571e025.jpg,Coupe,2,1,2,1,3,2
272,272,car_body_style/party_A/dataset_split/val/Coupe/0ab528fa-66b3-11eb-958c-8c164571e025.jpg,Coupe,2,1,2,1,2,1
273,273,car_body_style/party_A/dataset_split/val/Coupe/0ab528a4-66b3-11eb-9a1f-8c164571e025.jpg,Coupe,2,1,2,1,3,8
274,274,car_body_style/party_A/dataset_split/val/Coupe/0ab6fd81-66b3-11eb-8131-8c164571e025.jpg,Coupe,2,1,2,1,2,6
275,275,car_body_style/party_A/dataset_split/val/Coupe/0ab5c4da-66b3-11eb-9e70-8c164571e025.jpg,Coupe,2,1,2,1,3,3
276,276,car_body_style/party_A/dataset_split/val/Coupe/0ab6fdbb-66b3-11eb-aed1-8c164571e025.jpg,Coupe,2,1,2,1,2,1
277,277,car_body_style/party_A/dataset_split/val/Coupe/0ab6614b-66b3-11eb-97ce-8c164571e025.jpg,Coupe,2,1,2,1,7,2
278,278,car_body_style/party_A/dataset_split/val/Coupe/0ab6fd53-66b3-11eb-bb2a-8c164571e025.jpg,Coupe,2,1,2,1,2,2
279,279,car_body_style/party_A/dataset_split/val/Coupe/0ab6fd56-66b3-11eb-8840-8c164571e025.jpg,Coupe,2,1,2,1,2,6
280,280,car_body_style/party_A/dataset_split/val/Coupe/0ab6fdaf-66b3-11eb-8352-8c164571e025.jpg,Coupe,2,1,2,1,2,2
281,281,car_body_style/party_A/dataset_split/val/Coupe/0ab6fdcb-66b3-11eb-b76b-8c164571e025.jpg,Coupe,2,1,2,1,2,6
282,282,car_body_style/party_A/dataset_split/val/Coupe/0ab6615f-66b3-11eb-bf88-8c164571e025.jpg,Coupe,2,1,2,1,2,2
283,283,car_body_style/party_A/dataset_split/val/Coupe/0ab7b450-66b3-11eb-90a3-8c164571e025.jpg,Coupe,2,1,2,1,2,3
284,284,car_body_style/party_A/dataset_split/val/Coupe/0ab6fd67-66b3-11eb-8068-8c164571e025.jpg,Coupe,2,1,2,1,7,7
285,285,car_body_style/party_A/dataset_split/val/Coupe/0ab5c503-66b3-11eb-88d7-8c164571e025.jpg,Coupe,2,1,2,1,2,2
286,286,car_body_style/party_A/dataset_split/val/Coupe/0ab66138-66b3-11eb-be28-8c164571e025.jpg,Coupe,2,1,2,1,1,6
287,287,car_body_style/party_A/dataset_split/val/Coupe/0ab52904-66b3-11eb-ba9f-8c164571e025.jpg,Coupe,2,1,2,1,2,2
288,288,car_body_style/party_A/dataset_split/val/Coupe/0ab52901-66b3-11eb-a47c-8c164571e025.jpg,Coupe,2,1,2,1,2,9
289,289,car_body_style/party_A/dataset_split/val/Coupe/0ab6fd9d-66b3-11eb-811c-8c164571e025.jpg,Coupe,2,1,2,1,7,7
290,290,car_body_style/party_A/dataset_split/val/Coupe/0ab66147-66b3-11eb-a351-8c164571e025.jpg,Coupe,2,1,2,1,7,2
291,291,car_body_style/party_A/dataset_split/val/Coupe/0ab7998a-66b3-11eb-9cf1-8c164571e025.jpg,Coupe,2,1,2,1,1,1
292,292,car_body_style/party_A/dataset_split/val/Coupe/0ab66164-66b3-11eb-8417-8c164571e025.jpg,Coupe,2,1,2,1,5,9
293,293,car_body_style/party_A/dataset_split/val/Hatchback/d5862284-66ac-11eb-bf3b-8c164571e025.jpg,Hatchback,3,1,3,1,1,3
294,294,car_body_style/party_A/dataset_split/val/Hatchback/d5824f8c-66ac-11eb-8b10-8c164571e025.jpg,Hatchback,3,1,3,1,3,3
295,295,car_body_style/party_A/dataset_split/val/Hatchback/d584ea00-66ac-11eb-87c6-8c164571e025.jpg,Hatchback,3,1,3,1,3,3
296,296,car_body_style/party_A/dataset_split/val/Hatchback/d584e9ef-66ac-11eb-89a0-8c164571e025.jpg,Hatchback,3,1,3,1,2,2
297,297,car_body_style/party_A/dataset_split/val/Hatchback/d586225f-66ac-11eb-b731-8c164571e025.jpg,Hatchback,3,1,3,1,3,3
298,298,car_body_style/party_A/dataset_split/val/Hatchback/d581b428-66ac-11eb-a20b-8c164571e025.jpg,Hatchback,3,1,3,1,7,3
299,299,car_body_style/party_A/dataset_split/val/Hatchback/d5842493-66ac-11eb-9448-8c164571e025.jpg,Hatchback,3,1,3,1,3,3
300,300,car_body_style/party_A/dataset_split/val/Hatchback/d584241a-66ac-11eb-8d18-8c164571e025.jpg,Hatchback,3,1,3,1,3,3
301,301,car_body_style/party_A/dataset_split/val/Hatchback/d581b42d-66ac-11eb-b76f-8c164571e025.jpg,Hatchback,3,1,3,1,3,8
302,302,car_body_style/party_A/dataset_split/val/Hatchback/d583897b-66ac-11eb-b678-8c164571e025.jpg,Hatchback,3,1,3,1,3,3
303,303,car_body_style/party_A/dataset_split/val/Hatchback/d584e9b8-66ac-11eb-a2a5-8c164571e025.jpg,Hatchback,3,1,3,1,7,7
304,304,car_body_style/party_A/dataset_split/val/Hatchback/d582ed0d-66ac-11eb-8996-8c164571e025.jpg,Hatchback,3,1,3,1,3,2
305,305,car_body_style/party_A/dataset_split/val/Hatchback/d5824f55-66ac-11eb-a6fc-8c164571e025.jpg,Hatchback,3,1,3,1,3,3
306,306,car_body_style/party_A/dataset_split/val/Hatchback/d58389b7-66ac-11eb-92d6-8c164571e025.jpg,Hatchback,3,1,3,1,3,3
307,307,car_body_style/party_A/dataset_split/val/Hatchback/d581b42a-66ac-11eb-9749-8c164571e025.jpg,Hatchback,3,1,3,1,3,5
308,308,car_body_style/party_A/dataset_split/val/Hatchback/d5824f4d-66ac-11eb-a52b-8c164571e025.jpg,Hatchback,3,1,3,1,3,8
309,309,car_body_style/party_A/dataset_split/val/Hatchback/d5824f3f-66ac-11eb-9103-8c164571e025.jpg,Hatchback,3,1,3,1,3,6
310,310,car_body_style/party_A/dataset_split/val/Hatchback/d584e9fb-66ac-11eb-813e-8c164571e025.jpg,Hatchback,3,1,3,1,3,3
311,311,car_body_style/party_A/dataset_split/val/Hatchback/d582ecb1-66ac-11eb-98d7-8c164571e025.jpg,Hatchback,3,1,3,1,3,3
312,312,car_body_style/party_A/dataset_split/val/Hatchback/d584247c-66ac-11eb-9df5-8c164571e025.jpg,Hatchback,3,1,3,1,3,3
313,313,car_body_style/party_A/dataset_split/val/Hatchback/d584ea04-66ac-11eb-9665-8c164571e025.jpg,Hatchback,3,1,3,1,3,3
314,314,car_body_style/party_A/dataset_split/val/Hatchback/d5824f36-66ac-11eb-98fa-8c164571e025.jpg,Hatchback,3,1,3,1,3,3
315,315,car_body_style/party_A/dataset_split/val/Hatchback/d581b426-66ac-11eb-ae98-8c164571e025.jpg,Hatchback,3,1,3,1,2,8
316,316,car_body_style/party_A/dataset_split/val/Hatchback/d584e9d0-66ac-11eb-a773-8c164571e025.jpg,Hatchback,3,1,3,1,3,3
317,317,car_body_style/party_A/dataset_split/val/Hatchback/d581b46d-66ac-11eb-ad4c-8c164571e025.jpg,Hatchback,3,1,3,1,3,3
318,318,car_body_style/party_A/dataset_split/val/Hatchback/d5842416-66ac-11eb-80c7-8c164571e025.jpg,Hatchback,3,1,3,1,2,8
319,319,car_body_style/party_A/dataset_split/val/Hatchback/d5838967-66ac-11eb-9507-8c164571e025.jpg,Hatchback,3,1,3,1,3,3
320,320,car_body_style/party_A/dataset_split/val/Hatchback/d584e9f5-66ac-11eb-ba37-8c164571e025.jpg,Hatchback,3,1,3,1,3,3
321,321,car_body_style/party_A/dataset_split/val/Hatchback/d584ea08-66ac-11eb-aec1-8c164571e025.jpg,Hatchback,3,1,3,1,3,3
322,322,car_body_style/party_A/dataset_split/val/Hatchback/d584240a-66ac-11eb-b348-8c164571e025.jpg,Hatchback,3,1,3,1,3,8
323,323,car_body_style/party_A/dataset_split/val/Hatchback/d5824f2b-66ac-11eb-88a5-8c164571e025.jpg,Hatchback,3,1,3,1,3,3
324,324,car_body_style/party_A/dataset_split/val/Hatchback/d581b443-66ac-11eb-aa0a-8c164571e025.jpg,Hatchback,3,1,3,1,3,3
325,325,car_body_style/party_A/dataset_split/val/Hatchback/d5824f32-66ac-11eb-b5c0-8c164571e025.jpg,Hatchback,3,1,3,1,3,3
326,326,car_body_style/party_A/dataset_split/val/Hatchback/d58584ac-66ac-11eb-a466-8c164571e025.jpg,Hatchback,3,1,3,1,3,3
327,327,car_body_style/party_A/dataset_split/val/Hatchback/d5842491-66ac-11eb-9895-8c164571e025.jpg,Hatchback,3,1,3,1,3,3
328,328,car_body_style/party_A/dataset_split/val/Hatchback/d5858484-66ac-11eb-828b-8c164571e025.jpg,Hatchback,3,1,3,1,3,3
329,329,car_body_style/party_A/dataset_split/val/Hatchback/d582ed0f-66ac-11eb-970b-8c164571e025.jpg,Hatchback,3,1,3,1,3,3
330,330,car_body_style/party_A/dataset_split/val/Hatchback/d581b451-66ac-11eb-b3ab-8c164571e025.jpg,Hatchback,3,1,3,1,2,1
331,331,car_body_style/party_A/dataset_split/val/Hatchback/d5842452-66ac-11eb-b36c-8c164571e025.jpg,Hatchback,3,1,3,1,2,3
332,332,car_body_style/party_A/dataset_split/val/Hatchback/d5842435-66ac-11eb-9289-8c164571e025.jpg,Hatchback,3,1,3,1,3,5
333,333,car_body_style/party_A/dataset_split/val/Hatchback/d586228c-66ac-11eb-aeef-8c164571e025.jpg,Hatchback,3,1,3,1,3,3
334,334,car_body_style/party_A/dataset_split/val/Hatchback/d5842415-66ac-11eb-b6ce-8c164571e025.jpg,Hatchback,3,1,3,1,7,3
335,335,car_body_style/party_A/dataset_split/val/Hatchback/d58584a1-66ac-11eb-9b18-8c164571e025.jpg,Hatchback,3,1,3,1,3,3
336,336,car_body_style/party_A/dataset_split/val/Hatchback/d584ea22-66ac-11eb-8044-8c164571e025.jpg,Hatchback,3,1,3,1,3,3
337,337,car_body_style/party_A/dataset_split/val/Hatchback/d5824f8e-66ac-11eb-9a20-8c164571e025.jpg,Hatchback,3,1,3,1,7,3
338,338,car_body_style/party_A/dataset_split/val/Hatchback/d584e9c0-66ac-11eb-bc09-8c164571e025.jpg,Hatchback,3,1,3,1,2,6
339,339,car_body_style/party_A/dataset_split/val/Hatchback/d583895e-66ac-11eb-9268-8c164571e025.jpg,Hatchback,3,1,3,1,3,3
340,340,car_body_style/party_A/dataset_split/val/Hatchback/d582ecb3-66ac-11eb-b1ba-8c164571e025.jpg,Hatchback,3,1,3,1,3,3
341,341,car_body_style/party_A/dataset_split/val/Hatchback/d583897f-66ac-11eb-9b63-8c164571e025.jpg,Hatchback,3,1,3,1,3,6
342,342,car_body_style/party_A/dataset_split/val/Hatchback/d581b441-66ac-11eb-9876-8c164571e025.jpg,Hatchback,3,1,3,1,3,3
343,343,car_body_style/party_A/dataset_split/val/Hatchback/d581b43f-66ac-11eb-9f17-8c164571e025.jpg,Hatchback,3,1,3,1,3,3
344,344,car_body_style/party_A/dataset_split/val/Hatchback/d584241c-66ac-11eb-9567-8c164571e025.jpg,Hatchback,3,1,3,1,7,7
345,345,car_body_style/party_A/dataset_split/val/Hatchback/d584ea03-66ac-11eb-b74e-8c164571e025.jpg,Hatchback,3,1,3,1,7,2
346,346,car_body_style/party_A/dataset_split/val/Hatchback/d584241b-66ac-11eb-9723-8c164571e025.jpg,Hatchback,3,1,3,1,3,3
347,347,car_body_style/party_A/dataset_split/val/Hatchback/d583899a-66ac-11eb-958d-8c164571e025.jpg,Hatchback,3,1,3,1,3,5
348,348,car_body_style/party_A/dataset_split/val/Hatchback/d5824f8f-66ac-11eb-9b80-8c164571e025.jpg,Hatchback,3,1,3,1,3,3
349,349,car_body_style/party_A/dataset_split/val/Hatchback/d585844c-66ac-11eb-9997-8c164571e025.jpg,Hatchback,3,1,3,1,3,3
350,350,car_body_style/party_A/dataset_split/val/Hatchback/d5824f7c-66ac-11eb-88fd-8c164571e025.jpg,Hatchback,3,1,3,1,3,3
351,351,car_body_style/party_A/dataset_split/val/Hatchback/d584245a-66ac-11eb-a390-8c164571e025.jpg,Hatchback,3,1,3,1,7,3
352,352,car_body_style/party_A/dataset_split/val/Hatchback/d581b47c-66ac-11eb-98dd-8c164571e025.jpg,Hatchback,3,1,3,1,3,3
353,353,car_body_style/party_A/dataset_split/val/Hatchback/d5842431-66ac-11eb-9b95-8c164571e025.jpg,Hatchback,3,1,3,1,3,8
354,354,car_body_style/party_A/dataset_split/val/Hatchback/d583899e-66ac-11eb-a712-8c164571e025.jpg,Hatchback,3,1,3,1,3,3
355,355,car_body_style/party_A/dataset_split/val/Hatchback/d582ecc4-66ac-11eb-9750-8c164571e025.jpg,Hatchback,3,1,3,1,3,1
356,356,car_body_style/party_A/dataset_split/val/Hatchback/d5862258-66ac-11eb-92d6-8c164571e025.jpg,Hatchback,3,1,3,1,3,8
357,357,car_body_style/party_A/dataset_split/val/Hatchback/d5862263-66ac-11eb-8f1f-8c164571e025.jpg,Hatchback,3,1,3,1,3,1
358,358,car_body_style/party_A/dataset_split/val/Hatchback/d5838982-66ac-11eb-9619-8c164571e025.jpg,Hatchback,3,1,3,1,3,3
359,359,car_body_style/party_A/dataset_split/val/Hatchback/d586227e-66ac-11eb-b9c0-8c164571e025.jpg,Hatchback,3,1,3,1,3,3
360,360,car_body_style/party_A/dataset_split/val/Hatchback/d5842441-66ac-11eb-af73-8c164571e025.jpg,Hatchback,3,1,3,1,3,3
361,361,car_body_style/party_A/dataset_split/val/Hatchback/d58389bb-66ac-11eb-95f4-8c164571e025.jpg,Hatchback,3,1,3,1,7,3
362,362,car_body_style/party_A/dataset_split/val/Hatchback/d584e9e7-66ac-11eb-84b1-8c164571e025.jpg,Hatchback,3,1,3,1,7,3
363,363,car_body_style/party_A/dataset_split/val/Hatchback/d581b475-66ac-11eb-bfd8-8c164571e025.jpg,Hatchback,3,1,3,1,3,3
364,364,car_body_style/party_A/dataset_split/val/Hatchback/d58389aa-66ac-11eb-a7c8-8c164571e025.jpg,Hatchback,3,1,3,1,5,8
365,365,car_body_style/party_A/dataset_split/val/Hatchback/d5858496-66ac-11eb-a04a-8c164571e025.jpg,Hatchback,3,1,3,1,3,8
366,366,car_body_style/party_A/dataset_split/val/Hatchback/d581b43e-66ac-11eb-9792-8c164571e025.jpg,Hatchback,3,1,3,1,7,8
367,367,car_body_style/party_A/dataset_split/val/Hatchback/d585844b-66ac-11eb-b54b-8c164571e025.jpg,Hatchback,3,1,3,1,7,3
368,368,car_body_style/party_A/dataset_split/val/Hatchback/d5842451-66ac-11eb-ba92-8c164571e025.jpg,Hatchback,3,1,3,1,3,8
369,369,car_body_style/party_A/dataset_split/val/Hatchback/d5858445-66ac-11eb-9a00-8c164571e025.jpg,Hatchback,3,1,3,1,3,3
370,370,car_body_style/party_A/dataset_split/val/Hatchback/d582ed12-66ac-11eb-8333-8c164571e025.jpg,Hatchback,3,1,3,1,3,8
371,371,car_body_style/party_A/dataset_split/val/Hatchback/d582ece8-66ac-11eb-9d23-8c164571e025.jpg,Hatchback,3,1,3,1,3,3
372,372,car_body_style/party_A/dataset_split/val/Hatchback/d5858449-66ac-11eb-bdc6-8c164571e025.jpg,Hatchback,3,1,3,1,3,3
373,373,car_body_style/party_A/dataset_split/val/Hatchback/d5862240-66ac-11eb-96b7-8c164571e025.jpg,Hatchback,3,1,3,1,3,5
374,374,car_body_style/party_A/dataset_split/val/Hatchback/d584ea02-66ac-11eb-a598-8c164571e025.jpg,Hatchback,3,1,3,1,3,8
375,375,car_body_style/party_A/dataset_split/val/Hatchback/d5858495-66ac-11eb-8835-8c164571e025.jpg,Hatchback,3,1,3,1,3,3
376,376,car_body_style/party_A/dataset_split/val/Hatchback/d5858498-66ac-11eb-8f31-8c164571e025.jpg,Hatchback,3,1,3,1,3,3
377,377,car_body_style/party_A/dataset_split/val/Hatchback/d5842472-66ac-11eb-b649-8c164571e025.jpg,Hatchback,3,1,3,1,3,3
378,378,car_body_style/party_A/dataset_split/val/Hatchback/d5842489-66ac-11eb-9440-8c164571e025.jpg,Hatchback,3,1,3,1,3,3
379,379,car_body_style/party_A/dataset_split/val/Hatchback/d584245f-66ac-11eb-a85d-8c164571e025.jpg,Hatchback,3,1,3,1,3,3
380,380,car_body_style/party_A/dataset_split/val/Hatchback/d584e9f0-66ac-11eb-a84b-8c164571e025.jpg,Hatchback,3,1,3,1,3,3
381,381,car_body_style/party_A/dataset_split/val/Hatchback/d581b44d-66ac-11eb-b698-8c164571e025.jpg,Hatchback,3,1,3,1,3,5
382,382,car_body_style/party_A/dataset_split/val/Hatchback/d5838998-66ac-11eb-a636-8c164571e025.jpg,Hatchback,3,1,3,1,3,3
383,383,car_body_style/party_A/dataset_split/val/Hatchback/d584246a-66ac-11eb-843c-8c164571e025.jpg,Hatchback,3,1,3,1,7,7
384,384,car_body_style/party_A/dataset_split/val/Hatchback/d584ea07-66ac-11eb-8536-8c164571e025.jpg,Hatchback,3,1,3,1,7,5
385,385,car_body_style/party_A/dataset_split/val/Hatchback/d58389af-66ac-11eb-a87b-8c164571e025.jpg,Hatchback,3,1,3,1,3,3
386,386,car_body_style/party_A/dataset_split/val/Hatchback/d5862297-66ac-11eb-8bb7-8c164571e025.jpg,Hatchback,3,1,3,1,7,3
387,387,car_body_style/party_A/dataset_split/val/Hatchback/d584e9cf-66ac-11eb-9d1a-8c164571e025.jpg,Hatchback,3,1,3,1,3,3
388,388,car_body_style/party_A/dataset_split/val/Hatchback/d582ed0b-66ac-11eb-a3c1-8c164571e025.jpg,Hatchback,3,1,3,1,7,7
389,389,car_body_style/party_A/dataset_split/val/Hatchback/d58389c5-66ac-11eb-b4dd-8c164571e025.jpg,Hatchback,3,1,3,1,3,2
390,390,car_body_style/party_A/dataset_split/val/Hatchback/d582ecfa-66ac-11eb-b489-8c164571e025.jpg,Hatchback,3,1,3,1,7,3
391,391,car_body_style/party_A/dataset_split/val/Hatchback/d5824f70-66ac-11eb-8bfd-8c164571e025.jpg,Hatchback,3,1,3,1,3,3
392,392,car_body_style/party_A/dataset_split/val/Hatchback/d5842409-66ac-11eb-a12c-8c164571e025.jpg,Hatchback,3,1,3,1,3,3
393,393,car_body_style/party_A/dataset_split/val/Hatchback/d5824f64-66ac-11eb-9fe9-8c164571e025.jpg,Hatchback,3,1,3,1,3,3
394,394,car_body_style/party_A/dataset_split/val/Hatchback/d582ece9-66ac-11eb-adf9-8c164571e025.jpg,Hatchback,3,1,3,1,3,1
395,395,car_body_style/party_A/dataset_split/val/Hatchback/d5824f3d-66ac-11eb-a55e-8c164571e025.jpg,Hatchback,3,1,3,1,3,3
396,396,car_body_style/party_A/dataset_split/val/Hatchback/d5842447-66ac-11eb-993a-8c164571e025.jpg,Hatchback,3,1,3,1,3,3
397,397,car_body_style/party_A/dataset_split/val/Hatchback/d584ea06-66ac-11eb-bd81-8c164571e025.jpg,Hatchback,3,1,3,1,3,8
398,398,car_body_style/party_A/dataset_split/val/Hatchback/d5824f47-66ac-11eb-9ce8-8c164571e025.jpg,Hatchback,3,1,3,1,3,3
468,468,car_body_style/party_A/dataset_split/val/Minivan/fb1ec08f-66b5-11eb-87eb-8c164571e025.jpg,Minivan,5,1,5,1,5,8
469,469,car_body_style/party_A/dataset_split/val/Minivan/fb1f3569-66b5-11eb-a653-8c164571e025.jpg,Minivan,5,1,5,1,5,8
470,470,car_body_style/party_A/dataset_split/val/Minivan/fb1fd163-66b5-11eb-9ac0-8c164571e025.jpg,Minivan,5,1,5,1,5,3
471,471,car_body_style/party_A/dataset_split/val/Minivan/fb1ff834-66b5-11eb-812a-8c164571e025.jpg,Minivan,5,1,5,1,3,7
472,472,car_body_style/party_A/dataset_split/val/Minivan/fb1f3566-66b5-11eb-b1af-8c164571e025.jpg,Minivan,5,1,5,1,5,8
473,473,car_body_style/party_A/dataset_split/val/Minivan/fb1f0ea9-66b5-11eb-a1b4-8c164571e025.jpg,Minivan,5,1,5,1,5,5
474,474,car_body_style/party_A/dataset_split/val/Minivan/fb1ee7a5-66b5-11eb-b6de-8c164571e025.jpg,Minivan,5,1,5,1,5,3
475,475,car_body_style/party_A/dataset_split/val/Minivan/fb1e999e-66b5-11eb-a01d-8c164571e025.jpg,Minivan,5,1,5,1,5,5
476,476,car_body_style/party_A/dataset_split/val/Minivan/fb1dd6de-66b5-11eb-a302-8c164571e025.jpg,Minivan,5,1,5,1,5,5
477,477,car_body_style/party_A/dataset_split/val/Minivan/fb1f0eb8-66b5-11eb-8d1d-8c164571e025.jpg,Minivan,5,1,5,1,5,5
478,478,car_body_style/party_A/dataset_split/val/Minivan/fb1e24c7-66b5-11eb-b750-8c164571e025.jpg,Minivan,5,1,5,1,5,5
479,479,car_body_style/party_A/dataset_split/val/Minivan/fb1e24d2-66b5-11eb-b605-8c164571e025.jpg,Minivan,5,1,5,1,3,5
480,480,car_body_style/party_A/dataset_split/val/Minivan/fb1ee784-66b5-11eb-8a10-8c164571e025.jpg,Minivan,5,1,5,1,5,5
481,481,car_body_style/party_A/dataset_split/val/Minivan/fb1f8204-66b5-11eb-a02f-8c164571e025.jpg,Minivan,5,1,5,1,5,8
482,482,car_body_style/party_A/dataset_split/val/Minivan/fb1f5c5c-66b5-11eb-b48b-8c164571e025.jpg,Minivan,5,1,5,1,5,5
483,483,car_body_style/party_A/dataset_split/val/Minivan/fb1e729b-66b5-11eb-a0c2-8c164571e025.jpg,Minivan,5,1,5,1,5,5
484,484,car_body_style/party_A/dataset_split/val/Minivan/fb1e998f-66b5-11eb-8ee4-8c164571e025.jpg,Minivan,5,1,5,1,3,3
485,485,car_body_style/party_A/dataset_split/val/Minivan/fb1f5c7e-66b5-11eb-b87a-8c164571e025.jpg,Minivan,5,1,5,1,3,5
486,486,car_body_style/party_A/dataset_split/val/Minivan/fb1e24dd-66b5-11eb-bc33-8c164571e025.jpg,Minivan,5,1,5,1,5,5
487,487,car_body_style/party_A/dataset_split/val/Minivan/fb1f0ea3-66b5-11eb-8944-8c164571e025.jpg,Minivan,5,1,5,1,7,5
488,488,car_body_style/party_A/dataset_split/val/Minivan/fb1f8205-66b5-11eb-9f7d-8c164571e025.jpg,Minivan,5,1,5,1,5,5
489,489,car_body_style/party_A/dataset_split/val/Minivan/fb1dd6da-66b5-11eb-9a4b-8c164571e025.jpg,Minivan,5,1,5,1,5,5
490,490,car_body_style/party_A/dataset_split/val/Minivan/fb1e4bf3-66b5-11eb-841e-8c164571e025.jpg,Minivan,5,1,5,1,5,5
491,491,car_body_style/party_A/dataset_split/val/Minivan/fb1ec090-66b5-11eb-9bf8-8c164571e025.jpg,Minivan,5,1,5,1,5,8
492,492,car_body_style/party_A/dataset_split/val/Minivan/fb1e72b3-66b5-11eb-92b3-8c164571e025.jpg,Minivan,5,1,5,1,5,5
493,493,car_body_style/party_A/dataset_split/val/Minivan/fb1e9992-66b5-11eb-af57-8c164571e025.jpg,Minivan,5,1,5,1,5,6
494,494,car_body_style/party_A/dataset_split/val/Minivan/fb1e24bd-66b5-11eb-b0b3-8c164571e025.jpg,Minivan,5,1,5,1,5,5
495,495,car_body_style/party_A/dataset_split/val/Minivan/fb1faa6f-66b5-11eb-a347-8c164571e025.jpg,Minivan,5,1,5,1,5,5
496,496,car_body_style/party_A/dataset_split/val/Minivan/fb1dd6d9-66b5-11eb-b858-8c164571e025.jpg,Minivan,5,1,5,1,5,5
497,497,car_body_style/party_A/dataset_split/val/Minivan/fb1ec08a-66b5-11eb-99fe-8c164571e025.jpg,Minivan,5,1,5,1,5,3
498,498,car_body_style/party_A/dataset_split/val/Minivan/fb1e24cd-66b5-11eb-8639-8c164571e025.jpg,Minivan,5,1,5,1,5,5
499,499,car_body_style/party_A/dataset_split/val/Minivan/fb1f5c7f-66b5-11eb-908f-8c164571e025.jpg,Minivan,5,1,5,1,3,5
500,500,car_body_style/party_A/dataset_split/val/Minivan/fb1ee791-66b5-11eb-889f-8c164571e025.jpg,Minivan,5,1,5,1,7,3
501,501,car_body_style/party_A/dataset_split/val/Minivan/fb1f356f-66b5-11eb-a845-8c164571e025.jpg,Minivan,5,1,5,1,5,5
502,502,car_body_style/party_A/dataset_split/val/Minivan/fb1e24b6-66b5-11eb-a61b-8c164571e025.jpg,Minivan,5,1,5,1,5,3
503,503,car_body_style/party_A/dataset_split/val/Minivan/fb1e4c07-66b5-11eb-a3a2-8c164571e025.jpg,Minivan,5,1,5,1,5,5
504,504,car_body_style/party_A/dataset_split/val/Minivan/fb1fd159-66b5-11eb-bb94-8c164571e025.jpg,Minivan,5,1,5,1,3,3
505,505,car_body_style/party_A/dataset_split/val/Minivan/fb1e72c4-66b5-11eb-bfea-8c164571e025.jpg,Minivan,5,1,5,1,5,5
506,506,car_body_style/party_A/dataset_split/val/Minivan/fb1dfdc6-66b5-11eb-a137-8c164571e025.jpg,Minivan,5,1,5,1,7,7
507,507,car_body_style/party_A/dataset_split/val/Minivan/fb1faa52-66b5-11eb-b85a-8c164571e025.jpg,Minivan,5,1,5,1,3,5
508,508,car_body_style/party_A/dataset_split/val/Minivan/fb1f0eb9-66b5-11eb-9eea-8c164571e025.jpg,Minivan,5,1,5,1,5,5
509,509,car_body_style/party_A/dataset_split/val/Minivan/fb1f0ea1-66b5-11eb-84ed-8c164571e025.jpg,Minivan,5,1,5,1,5,5
510,510,car_body_style/party_A/dataset_split/val/Minivan/fb1e4bdc-66b5-11eb-bd8e-8c164571e025.jpg,Minivan,5,1,5,1,5,5
511,511,car_body_style/party_A/dataset_split/val/Minivan/fb1e998d-66b5-11eb-8ebd-8c164571e025.jpg,Minivan,5,1,5,1,5,5
512,512,car_body_style/party_A/dataset_split/val/Minivan/fb1e99a4-66b5-11eb-b70f-8c164571e025.jpg,Minivan,5,1,5,1,5,5
513,513,car_body_style/party_A/dataset_split/val/Minivan/fb1f5c69-66b5-11eb-a40a-8c164571e025.jpg,Minivan,5,1,5,1,5,5
514,514,car_body_style/party_A/dataset_split/val/Minivan/fb1dafd9-66b5-11eb-80a3-8c164571e025.jpg,Minivan,5,1,5,1,5,5
515,515,car_body_style/party_A/dataset_split/val/Minivan/fb1f0ea7-66b5-11eb-a2f5-8c164571e025.jpg,Minivan,5,1,5,1,5,5
516,516,car_body_style/party_A/dataset_split/val/Minivan/fb1f5c70-66b5-11eb-a06a-8c164571e025.jpg,Minivan,5,1,5,1,5,5
517,517,car_body_style/party_A/dataset_split/val/Minivan/fb1dd6cd-66b5-11eb-9dff-8c164571e025.jpg,Minivan,5,1,5,1,5,2
518,518,car_body_style/party_A/dataset_split/val/Minivan/fb1e72aa-66b5-11eb-8406-8c164571e025.jpg,Minivan,5,1,5,1,5,5
519,519,car_body_style/party_A/dataset_split/val/Minivan/fb1f5c87-66b5-11eb-83e5-8c164571e025.jpg,Minivan,5,1,5,1,5,3
520,520,car_body_style/party_A/dataset_split/val/Minivan/fb1ee783-66b5-11eb-b804-8c164571e025.jpg,Minivan,5,1,5,1,5,5
521,521,car_body_style/party_A/dataset_split/val/Minivan/fb1ec0b3-66b5-11eb-96fd-8c164571e025.jpg,Minivan,5,1,5,1,5,8
522,522,car_body_style/party_A/dataset_split/val/Minivan/fb1f356d-66b5-11eb-826e-8c164571e025.jpg,Minivan,5,1,5,1,5,5
523,523,car_body_style/party_A/dataset_split/val/Minivan/fb1f5c58-66b5-11eb-ba1b-8c164571e025.jpg,Minivan,5,1,5,1,5,5
524,524,car_body_style/party_A/dataset_split/val/Minivan/fb1e4c04-66b5-11eb-96bd-8c164571e025.jpg,Minivan,5,1,5,1,5,5
525,525,car_body_style/party_A/dataset_split/val/Minivan/fb1dafd7-66b5-11eb-acd9-8c164571e025.jpg,Minivan,5,1,5,1,5,5
526,526,car_body_style/party_A/dataset_split/val/Minivan/fb1e4be6-66b5-11eb-a683-8c164571e025.jpg,Minivan,5,1,5,1,5,5
527,527,car_body_style/party_A/dataset_split/val/Minivan/fb1dd6cb-66b5-11eb-a451-8c164571e025.jpg,Minivan,5,1,5,1,3,3
528,528,car_body_style/party_A/dataset_split/val/Minivan/fb1faa6c-66b5-11eb-a706-8c164571e025.jpg,Minivan,5,1,5,1,5,7
529,529,car_body_style/party_A/dataset_split/val/Minivan/fb1f5c76-66b5-11eb-81ae-8c164571e025.jpg,Minivan,5,1,5,1,5,5
530,530,car_body_style/party_A/dataset_split/val/Minivan/fb1f8225-66b5-11eb-90ff-8c164571e025.jpg,Minivan,5,1,5,1,5,5
531,531,car_body_style/party_A/dataset_split/val/Minivan/fb1f357b-66b5-11eb-b3d3-8c164571e025.jpg,Minivan,5,1,5,1,5,5
532,532,car_body_style/party_A/dataset_split/val/Minivan/fb1f5c61-66b5-11eb-8f0f-8c164571e025.jpg,Minivan,5,1,5,1,3,5
533,533,car_body_style/party_A/dataset_split/val/Minivan/fb1faa5d-66b5-11eb-8554-8c164571e025.jpg,Minivan,5,1,5,1,5,5
534,534,car_body_style/party_A/dataset_split/val/Minivan/fb1f3579-66b5-11eb-9d7f-8c164571e025.jpg,Minivan,5,1,5,1,5,5
535,535,car_body_style/party_A/dataset_split/val/Minivan/fb1ee790-66b5-11eb-952c-8c164571e025.jpg,Minivan,5,1,5,1,5,5
536,536,car_body_style/party_A/dataset_split/val/Minivan/fb1dd6d2-66b5-11eb-80c5-8c164571e025.jpg,Minivan,5,1,5,1,5,5
537,537,car_body_style/party_A/dataset_split/val/Minivan/fb1f3560-66b5-11eb-9eff-8c164571e025.jpg,Minivan,5,1,5,1,5,5
538,538,car_body_style/party_A/dataset_split/val/Minivan/fb1f8206-66b5-11eb-b1b0-8c164571e025.jpg,Minivan,5,1,5,1,5,5
539,539,car_body_style/party_A/dataset_split/val/Minivan/fb1e4c02-66b5-11eb-9b76-8c164571e025.jpg,Minivan,5,1,5,1,3,5
540,540,car_body_style/party_A/dataset_split/val/Minivan/fb1faa5e-66b5-11eb-b644-8c164571e025.jpg,Minivan,5,1,5,1,5,5
541,541,car_body_style/party_A/dataset_split/val/Minivan/fb1f0eac-66b5-11eb-836f-8c164571e025.jpg,Minivan,5,1,5,1,5,5
542,542,car_body_style/party_A/dataset_split/val/Minivan/fb1ff82f-66b5-11eb-ad43-8c164571e025.jpg,Minivan,5,1,5,1,5,5
543,543,car_body_style/party_A/dataset_split/val/Minivan/fb1f8202-66b5-11eb-a337-8c164571e025.jpg,Minivan,5,1,5,1,5,5
544,544,car_body_style/party_A/dataset_split/val/Minivan/fb1fd13f-66b5-11eb-a94f-8c164571e025.jpg,Minivan,5,1,5,1,5,5
545,545,car_body_style/party_A/dataset_split/val/Minivan/fb1f0e9c-66b5-11eb-b21e-8c164571e025.jpg,Minivan,5,1,5,1,5,5
546,546,car_body_style/party_A/dataset_split/val/Minivan/fb1ee795-66b5-11eb-941c-8c164571e025.jpg,Minivan,5,1,5,1,5,5
547,547,car_body_style/party_A/dataset_split/val/Minivan/fb1dafdc-66b5-11eb-95d2-8c164571e025.jpg,Minivan,5,1,5,1,5,3
548,548,car_body_style/party_A/dataset_split/val/Minivan/fb1f0ead-66b5-11eb-99f8-8c164571e025.jpg,Minivan,5,1,5,1,7,5
549,549,car_body_style/party_A/dataset_split/val/Minivan/fb1f3562-66b5-11eb-a0bb-8c164571e025.jpg,Minivan,5,1,5,1,5,5
550,550,car_body_style/party_A/dataset_split/val/Minivan/fb1ee7a0-66b5-11eb-b1bf-8c164571e025.jpg,Minivan,5,1,5,1,5,5
551,551,car_body_style/party_A/dataset_split/val/Minivan/fb1f0ec0-66b5-11eb-8066-8c164571e025.jpg,Minivan,5,1,5,1,5,5
552,552,car_body_style/party_A/dataset_split/val/Minivan/fb1f3567-66b5-11eb-9f20-8c164571e025.jpg,Minivan,5,1,5,1,5,5
553,553,car_body_style/party_A/dataset_split/val/Minivan/fb1e24cb-66b5-11eb-b497-8c164571e025.jpg,Minivan,5,1,5,1,5,5
554,554,car_body_style/party_A/dataset_split/val/Minivan/fb1ff833-66b5-11eb-8f8c-8c164571e025.jpg,Minivan,5,1,5,1,5,5
555,555,car_body_style/party_A/dataset_split/val/Minivan/fb1ee7a1-66b5-11eb-a75a-8c164571e025.jpg,Minivan,5,1,5,1,2,7
556,556,car_body_style/party_A/dataset_split/val/Minivan/fb1e24bf-66b5-11eb-a40e-8c164571e025.jpg,Minivan,5,1,5,1,5,5
557,557,car_body_style/party_A/dataset_split/val/Minivan/fb1f3576-66b5-11eb-a458-8c164571e025.jpg,Minivan,5,1,5,1,5,5
558,558,car_body_style/party_A/dataset_split/val/Minivan/fb1dfdb7-66b5-11eb-8ae4-8c164571e025.jpg,Minivan,5,1,5,1,5,8
559,559,car_body_style/party_A/dataset_split/val/Minivan/fb1fd150-66b5-11eb-9e7c-8c164571e025.jpg,Minivan,5,1,5,1,5,8
560,560,car_body_style/party_A/dataset_split/val/Minivan/fb1faa75-66b5-11eb-994d-8c164571e025.jpg,Minivan,5,1,5,1,5,5
561,561,car_body_style/party_A/dataset_split/val/Minivan/fb1fd13d-66b5-11eb-8944-8c164571e025.jpg,Minivan,5,1,5,1,5,5
562,562,car_body_style/party_A/dataset_split/val/Minivan/fb1e72a8-66b5-11eb-b96a-8c164571e025.jpg,Minivan,5,1,5,1,7,5
563,563,car_body_style/party_A/dataset_split/val/Minivan/fb1e72af-66b5-11eb-9df4-8c164571e025.jpg,Minivan,5,1,5,1,5,5
564,564,car_body_style/party_A/dataset_split/val/Minivan/fb1fd13a-66b5-11eb-ac2d-8c164571e025.jpg,Minivan,5,1,5,1,5,5
565,565,car_body_style/party_A/dataset_split/val/Minivan/fb1f8203-66b5-11eb-a6f3-8c164571e025.jpg,Minivan,5,1,5,1,5,3
566,566,car_body_style/party_A/dataset_split/val/Minivan/fb1f820c-66b5-11eb-ab6a-8c164571e025.jpg,Minivan,5,1,5,1,5,5
567,567,car_body_style/party_A/dataset_split/val/Minivan/fb1fd13b-66b5-11eb-bc76-8c164571e025.jpg,Minivan,5,1,5,1,5,5
568,568,car_body_style/party_A/dataset_split/val/Minivan/fb1e729c-66b5-11eb-a1c8-8c164571e025.jpg,Minivan,5,1,5,1,5,3
569,569,car_body_style/party_A/dataset_split/val/Minivan/fb1f821c-66b5-11eb-ae45-8c164571e025.jpg,Minivan,5,1,5,1,5,5
570,570,car_body_style/party_A/dataset_split/val/Minivan/fb1dfdb9-66b5-11eb-9cff-8c164571e025.jpg,Minivan,5,1,5,1,7,3
571,571,car_body_style/party_A/dataset_split/val/Sedan/86798403-66b6-11eb-af87-8c164571e025.jpg,Sedan,6,1,7,1,7,3
572,572,car_body_style/party_A/dataset_split/val/Sedan/867b30aa-66b6-11eb-b016-8c164571e025.jpg,Sedan,6,1,7,1,7,3
573,573,car_body_style/party_A/dataset_split/val/Sedan/8678734a-66b6-11eb-bf9d-8c164571e025.jpg,Sedan,6,1,7,1,3,3
574,574,car_body_style/party_A/dataset_split/val/Sedan/867ae2a2-66b6-11eb-8d4c-8c164571e025.jpg,Sedan,6,1,7,1,3,8
575,575,car_body_style/party_A/dataset_split/val/Sedan/867a1fe5-66b6-11eb-88f9-8c164571e025.jpg,Sedan,6,1,7,1,7,2
576,576,car_body_style/party_A/dataset_split/val/Sedan/867a6dc5-66b6-11eb-a3ac-8c164571e025.jpg,Sedan,6,1,7,1,7,2
577,577,car_body_style/party_A/dataset_split/val/Sedan/867a6dd2-66b6-11eb-a42d-8c164571e025.jpg,Sedan,6,1,7,1,7,3
578,578,car_body_style/party_A/dataset_split/val/Sedan/867b3075-66b6-11eb-b216-8c164571e025.jpg,Sedan,6,1,7,1,7,3
579,579,car_body_style/party_A/dataset_split/val/Sedan/867a6dde-66b6-11eb-9742-8c164571e025.jpg,Sedan,6,1,7,1,7,3
580,580,car_body_style/party_A/dataset_split/val/Sedan/86790f14-66b6-11eb-920f-8c164571e025.jpg,Sedan,6,1,7,1,3,2
581,581,car_body_style/party_A/dataset_split/val/Sedan/867b3080-66b6-11eb-8726-8c164571e025.jpg,Sedan,6,1,7,1,7,8
582,582,car_body_style/party_A/dataset_split/val/Sedan/867a6dbc-66b6-11eb-b23e-8c164571e025.jpg,Sedan,6,1,7,1,7,7
583,583,car_body_style/party_A/dataset_split/val/Sedan/867a6dcb-66b6-11eb-8ed7-8c164571e025.jpg,Sedan,6,1,7,1,7,3
584,584,car_body_style/party_A/dataset_split/val/Sedan/867a1fd6-66b6-11eb-bfa9-8c164571e025.jpg,Sedan,6,1,7,1,7,5
585,585,car_body_style/party_A/dataset_split/val/Sedan/867a6ddd-66b6-11eb-a876-8c164571e025.jpg,Sedan,6,1,7,1,7,8
586,586,car_body_style/party_A/dataset_split/val/Sedan/867b309c-66b6-11eb-bb1e-8c164571e025.jpg,Sedan,6,1,7,1,7,7
587,587,car_body_style/party_A/dataset_split/val/Sedan/867a6db8-66b6-11eb-9e15-8c164571e025.jpg,Sedan,6,1,7,1,7,3
588,588,car_body_style/party_A/dataset_split/val/Sedan/86784c5a-66b6-11eb-a511-8c164571e025.jpg,Sedan,6,1,7,1,2,6
589,589,car_body_style/party_A/dataset_split/val/Sedan/86795d12-66b6-11eb-93c7-8c164571e025.jpg,Sedan,6,1,7,1,7,2
590,590,car_body_style/party_A/dataset_split/val/Sedan/867a46e1-66b6-11eb-b381-8c164571e025.jpg,Sedan,6,1,7,1,3,7
591,591,car_body_style/party_A/dataset_split/val/Sedan/867a1ff0-66b6-11eb-9e16-8c164571e025.jpg,Sedan,6,1,7,1,7,5
592,592,car_body_style/party_A/dataset_split/val/Sedan/86795d03-66b6-11eb-82b0-8c164571e025.jpg,Sedan,6,1,7,1,7,3
593,593,car_body_style/party_A/dataset_split/val/Sedan/8679f8dc-66b6-11eb-a58d-8c164571e025.jpg,Sedan,6,1,7,1,7,3
594,594,car_body_style/party_A/dataset_split/val/Sedan/8679f8d4-66b6-11eb-a0a5-8c164571e025.jpg,Sedan,6,1,7,1,7,7
595,595,car_body_style/party_A/dataset_split/val/Sedan/867a94b2-66b6-11eb-85c8-8c164571e025.jpg,Sedan,6,1,7,1,7,7
596,596,car_body_style/party_A/dataset_split/val/Sedan/867b576b-66b6-11eb-a4c4-8c164571e025.jpg,Sedan,6,1,7,1,7,7
597,597,car_body_style/party_A/dataset_split/val/Sedan/86793607-66b6-11eb-9e73-8c164571e025.jpg,Sedan,6,1,7,1,7,7
598,598,car_body_style/party_A/dataset_split/val/Sedan/867a94bf-66b6-11eb-8e8a-8c164571e025.jpg,Sedan,6,1,7,1,7,7
599,599,car_body_style/party_A/dataset_split/val/Sedan/867b0990-66b6-11eb-a33a-8c164571e025.jpg,Sedan,6,1,7,1,7,2
600,600,car_body_style/party_A/dataset_split/val/Sedan/867b0986-66b6-11eb-b1a7-8c164571e025.jpg,Sedan,6,1,7,1,7,8
601,601,car_body_style/party_A/dataset_split/val/Sedan/8679aafa-66b6-11eb-a8d2-8c164571e025.jpg,Sedan,6,1,7,1,7,7
602,602,car_body_style/party_A/dataset_split/val/Sedan/867a46c9-66b6-11eb-9df8-8c164571e025.jpg,Sedan,6,1,7,1,7,7
603,603,car_body_style/party_A/dataset_split/val/Sedan/867abb96-66b6-11eb-bcff-8c164571e025.jpg,Sedan,6,1,7,1,7,8
604,604,car_body_style/party_A/dataset_split/val/Sedan/867ae2a5-66b6-11eb-a39e-8c164571e025.jpg,Sedan,6,1,7,1,7,3
605,605,car_body_style/party_A/dataset_split/val/Sedan/8679f8df-66b6-11eb-8faa-8c164571e025.jpg,Sedan,6,1,7,1,7,7
606,606,car_body_style/party_A/dataset_split/val/Sedan/867b309d-66b6-11eb-bd94-8c164571e025.jpg,Sedan,6,1,7,1,7,5
607,607,car_body_style/party_A/dataset_split/val/Sedan/867ae2b6-66b6-11eb-9923-8c164571e025.jpg,Sedan,6,1,7,1,7,7
608,608,car_body_style/party_A/dataset_split/val/Sedan/86790f16-66b6-11eb-90fe-8c164571e025.jpg,Sedan,6,1,7,1,7,7
609,609,car_body_style/party_A/dataset_split/val/Sedan/867b0984-66b6-11eb-ad89-8c164571e025.jpg,Sedan,6,1,7,1,3,7
610,610,car_body_style/party_A/dataset_split/val/Sedan/867b30a0-66b6-11eb-ade8-8c164571e025.jpg,Sedan,6,1,7,1,7,7
611,611,car_body_style/party_A/dataset_split/val/Sedan/8678c12e-66b6-11eb-acb7-8c164571e025.jpg,Sedan,6,1,7,1,5,3
612,612,car_body_style/party_A/dataset_split/val/Sedan/86784c63-66b6-11eb-89fb-8c164571e025.jpg,Sedan,6,1,7,1,7,3
613,613,car_body_style/party_A/dataset_split/val/Sedan/867abbac-66b6-11eb-a98e-8c164571e025.jpg,Sedan,6,1,7,1,7,7
614,614,car_body_style/party_A/dataset_split/val/Sedan/8679f8e2-66b6-11eb-bc6c-8c164571e025.jpg,Sedan,6,1,7,1,7,7
615,615,car_body_style/party_A/dataset_split/val/Sedan/867a46da-66b6-11eb-a986-8c164571e025.jpg,Sedan,6,1,7,1,7,2
616,616,car_body_style/party_A/dataset_split/val/Sedan/867a94a5-66b6-11eb-914c-8c164571e025.jpg,Sedan,6,1,7,1,7,3
617,617,car_body_style/party_A/dataset_split/val/Sedan/86784c5b-66b6-11eb-bee3-8c164571e025.jpg,Sedan,6,1,7,1,2,8
618,618,car_body_style/party_A/dataset_split/val/Sedan/8678e820-66b6-11eb-8460-8c164571e025.jpg,Sedan,6,1,7,1,7,3
619,619,car_body_style/party_A/dataset_split/val/Sedan/867ae2ba-66b6-11eb-924e-8c164571e025.jpg,Sedan,6,1,7,1,3,7
620,620,car_body_style/party_A/dataset_split/val/Sedan/867b3084-66b6-11eb-93fb-8c164571e025.jpg,Sedan,6,1,7,1,5,5
621,621,car_body_style/party_A/dataset_split/val/Sedan/867a1fce-66b6-11eb-bc11-8c164571e025.jpg,Sedan,6,1,7,1,7,7
622,622,car_body_style/party_A/dataset_split/val/Sedan/867b0988-66b6-11eb-a877-8c164571e025.jpg,Sedan,6,1,7,1,3,5
623,623,car_body_style/party_A/dataset_split/val/Sedan/86789a4f-66b6-11eb-b1ef-8c164571e025.jpg,Sedan,6,1,7,1,7,3
624,624,car_body_style/party_A/dataset_split/val/Sedan/8679aaf3-66b6-11eb-9acc-8c164571e025.jpg,Sedan,6,1,7,1,7,5
625,625,car_body_style/party_A/dataset_split/val/Sedan/86782570-66b6-11eb-b513-8c164571e025.jpg,Sedan,6,1,7,1,7,3
626,626,car_body_style/party_A/dataset_split/val/Sedan/867ae2b1-66b6-11eb-b575-8c164571e025.jpg,Sedan,6,1,7,1,7,7
627,627,car_body_style/party_A/dataset_split/val/Sedan/8679d1eb-66b6-11eb-9c90-8c164571e025.jpg,Sedan,6,1,7,1,7,2
628,628,car_body_style/party_A/dataset_split/val/Sedan/8678e826-66b6-11eb-a310-8c164571e025.jpg,Sedan,6,1,7,1,7,3
629,629,car_body_style/party_A/dataset_split/val/Sedan/867ae28c-66b6-11eb-8e68-8c164571e025.jpg,Sedan,6,1,7,1,7,7
630,630,car_body_style/party_A/dataset_split/val/Sedan/86798404-66b6-11eb-8e46-8c164571e025.jpg,Sedan,6,1,7,1,2,2
631,631,car_body_style/party_A/dataset_split/val/Sedan/867a6da6-66b6-11eb-8f2b-8c164571e025.jpg,Sedan,6,1,7,1,7,7
632,632,car_body_style/party_A/dataset_split/val/Sedan/867a94cd-66b6-11eb-8439-8c164571e025.jpg,Sedan,6,1,7,1,7,7
633,633,car_body_style/party_A/dataset_split/val/Sedan/8679d1f7-66b6-11eb-ac27-8c164571e025.jpg,Sedan,6,1,7,1,7,3
634,634,car_body_style/party_A/dataset_split/val/Sedan/867ae2ae-66b6-11eb-afd6-8c164571e025.jpg,Sedan,6,1,7,1,7,3
635,635,car_body_style/party_A/dataset_split/val/Sedan/867a94a3-66b6-11eb-8c45-8c164571e025.jpg,Sedan,6,1,7,1,7,3
636,636,car_body_style/party_A/dataset_split/val/Sedan/867abbaf-66b6-11eb-89b9-8c164571e025.jpg,Sedan,6,1,7,1,7,7
637,637,car_body_style/party_A/dataset_split/val/Sedan/867ae2b4-66b6-11eb-a3f8-8c164571e025.jpg,Sedan,6,1,7,1,7,7
638,638,car_body_style/party_A/dataset_split/val/Sedan/867b3089-66b6-11eb-9961-8c164571e025.jpg,Sedan,6,1,7,1,7,3
639,639,car_body_style/party_A/dataset_split/val/Sedan/86798400-66b6-11eb-ae44-8c164571e025.jpg,Sedan,6,1,7,1,7,8
640,640,car_body_style/party_A/dataset_split/val/Sedan/867b099c-66b6-11eb-8aa8-8c164571e025.jpg,Sedan,6,1,7,1,2,2
641,641,car_body_style/party_A/dataset_split/val/Sedan/867a94bb-66b6-11eb-b5bd-8c164571e025.jpg,Sedan,6,1,7,1,7,7
642,642,car_body_style/party_A/dataset_split/val/Sedan/867a6dca-66b6-11eb-a345-8c164571e025.jpg,Sedan,6,1,7,1,7,2
643,643,car_body_style/party_A/dataset_split/val/Sedan/8678256e-66b6-11eb-b13b-8c164571e025.jpg,Sedan,6,1,7,1,7,7
644,644,car_body_style/party_A/dataset_split/val/Sedan/8679aaf6-66b6-11eb-be50-8c164571e025.jpg,Sedan,6,1,7,1,7,7
645,645,car_body_style/party_A/dataset_split/val/Sedan/867b307a-66b6-11eb-8ed5-8c164571e025.jpg,Sedan,6,1,7,1,7,5
646,646,car_body_style/party_A/dataset_split/val/Sedan/8678256a-66b6-11eb-8177-8c164571e025.jpg,Sedan,6,1,7,1,7,3
647,647,car_body_style/party_A/dataset_split/val/Sedan/867ae297-66b6-11eb-8731-8c164571e025.jpg,Sedan,6,1,7,1,7,2
648,648,car_body_style/party_A/dataset_split/val/Sedan/8679d1ea-66b6-11eb-b664-8c164571e025.jpg,Sedan,6,1,7,1,7,2
649,649,car_body_style/party_A/dataset_split/val/Sedan/867b3086-66b6-11eb-b4d1-8c164571e025.jpg,Sedan,6,1,7,1,7,7
650,650,car_body_style/party_A/dataset_split/val/Sedan/867a94d0-66b6-11eb-91b8-8c164571e025.jpg,Sedan,6,1,7,1,7,7
651,651,car_body_style/party_A/dataset_split/val/Sedan/867b09b5-66b6-11eb-a970-8c164571e025.jpg,Sedan,6,1,7,1,7,5
652,652,car_body_style/party_A/dataset_split/val/Sedan/8678734b-66b6-11eb-a001-8c164571e025.jpg,Sedan,6,1,7,1,7,3
653,653,car_body_style/party_A/dataset_split/val/Sedan/86793619-66b6-11eb-963d-8c164571e025.jpg,Sedan,6,1,7,1,5,3
654,654,car_body_style/party_A/dataset_split/val/Sedan/867b309a-66b6-11eb-bbf5-8c164571e025.jpg,Sedan,6,1,7,1,7,7
655,655,car_body_style/party_A/dataset_split/val/Sedan/867a6db9-66b6-11eb-994e-8c164571e025.jpg,Sedan,6,1,7,1,7,7
656,656,car_body_style/party_A/dataset_split/val/Sedan/867a1ff1-66b6-11eb-976f-8c164571e025.jpg,Sedan,6,1,7,1,7,3
657,657,car_body_style/party_A/dataset_split/val/Sedan/867a94b8-66b6-11eb-96aa-8c164571e025.jpg,Sedan,6,1,7,1,7,7
658,658,car_body_style/party_A/dataset_split/val/Sedan/8679aae8-66b6-11eb-8e28-8c164571e025.jpg,Sedan,6,1,7,1,7,1
659,659,car_body_style/party_A/dataset_split/val/Sedan/867a6da8-66b6-11eb-8ef7-8c164571e025.jpg,Sedan,6,1,7,1,7,7
660,660,car_body_style/party_A/dataset_split/val/Sedan/867b30a2-66b6-11eb-9a6b-8c164571e025.jpg,Sedan,6,1,7,1,7,7
661,661,car_body_style/party_A/dataset_split/val/Sedan/86787353-66b6-11eb-98f9-8c164571e025.jpg,Sedan,6,1,7,1,7,3
662,662,car_body_style/party_A/dataset_split/val/Sedan/867b09a9-66b6-11eb-8bf1-8c164571e025.jpg,Sedan,6,1,7,1,7,3
663,663,car_body_style/party_A/dataset_split/val/Sedan/867a94d2-66b6-11eb-939d-8c164571e025.jpg,Sedan,6,1,7,1,7,3
664,664,car_body_style/party_A/dataset_split/val/Sedan/867a94c1-66b6-11eb-98a4-8c164571e025.jpg,Sedan,6,1,7,1,7,6
665,665,car_body_style/party_A/dataset_split/val/Sedan/867b09a7-66b6-11eb-8375-8c164571e025.jpg,Sedan,6,1,7,1,3,3
666,666,car_body_style/party_A/dataset_split/val/Sedan/86789a51-66b6-11eb-adeb-8c164571e025.jpg,Sedan,6,1,7,1,3,2
667,667,car_body_style/party_A/dataset_split/val/Sedan/867a94b5-66b6-11eb-8003-8c164571e025.jpg,Sedan,6,1,7,1,7,3
668,668,car_body_style/party_A/dataset_split/val/Sedan/867ae2b3-66b6-11eb-92d5-8c164571e025.jpg,Sedan,6,1,7,1,7,7
669,669,car_body_style/party_A/dataset_split/val/Sedan/867a6dc0-66b6-11eb-aed7-8c164571e025.jpg,Sedan,6,1,7,1,7,2
670,670,car_body_style/party_A/dataset_split/val/Sedan/867b09a3-66b6-11eb-af11-8c164571e025.jpg,Sedan,6,1,7,1,7,2
671,671,car_body_style/party_A/dataset_split/val/Sedan/8678e835-66b6-11eb-8cbf-8c164571e025.jpg,Sedan,6,1,7,1,7,7
672,0,car_body_style/party_B/dataset_split/val/Convertible/images - 2020-05-17T104320.678.jpg,Convertible,0,2,1,1,2,2
673,1,car_body_style/party_B/dataset_split/val/Convertible/images - 2020-05-17T104326.053.jpg,Convertible,0,2,1,1,1,1
674,2,car_body_style/party_B/dataset_split/val/Convertible/images - 2020-05-17T104322.676.jpg,Convertible,0,2,1,1,1,1
675,3,car_body_style/party_B/dataset_split/val/Convertible/images (78).jpg,Convertible,0,2,1,1,1,2
676,4,car_body_style/party_B/dataset_split/val/Convertible/images (7).jpg,Convertible,0,2,1,1,1,1
677,5,car_body_style/party_B/dataset_split/val/Convertible/images - 2020-05-17T104324.823.jpg,Convertible,0,2,1,1,1,1
678,6,car_body_style/party_B/dataset_split/val/Convertible/images (67).jpg,Convertible,0,2,1,1,2,1
679,7,car_body_style/party_B/dataset_split/val/Convertible/images - 2020-05-17T104321.123.jpg,Convertible,0,2,1,1,1,1
680,8,car_body_style/party_B/dataset_split/val/Convertible/images (12).jpg,Convertible,0,2,1,1,1,1
681,9,car_body_style/party_B/dataset_split/val/Convertible/images - 2020-05-17T104323.243.jpg,Convertible,0,2,1,1,1,1
682,10,car_body_style/party_B/dataset_split/val/Convertible/images - 2020-05-17T104326.733.jpg,Convertible,0,2,1,1,1,2
683,11,car_body_style/party_B/dataset_split/val/Convertible/images - 2020-05-17T104324.313.jpg,Convertible,0,2,1,1,1,1
684,12,car_body_style/party_B/dataset_split/val/Convertible/images (62).jpg,Convertible,0,2,1,1,1,1
685,13,car_body_style/party_B/dataset_split/val/Convertible/images - 2020-05-17T104325.209.jpg,Convertible,0,2,1,1,1,1
686,14,car_body_style/party_B/dataset_split/val/Convertible/images - 2020-05-17T104324.662.jpg,Convertible,0,2,1,1,1,1
687,15,car_body_style/party_B/dataset_split/val/Convertible/images (23).jpg,Convertible,0,2,1,1,1,1
688,16,car_body_style/party_B/dataset_split/val/Convertible/images - 2020-05-17T104423.149.jpg,Convertible,0,2,1,1,1,1
689,17,car_body_style/party_B/dataset_split/val/Convertible/images - 2020-05-17T104322.077.jpg,Convertible,0,2,1,1,1,2
690,18,car_body_style/party_B/dataset_split/val/Convertible/images - 2020-05-17T104322.426.jpg,Convertible,0,2,1,1,2,2
691,19,car_body_style/party_B/dataset_split/val/Convertible/images - 2020-05-17T104326.273.jpg,Convertible,0,2,1,1,1,1
692,20,car_body_style/party_B/dataset_split/val/Convertible/images - 2020-05-17T104323.411.jpg,Convertible,0,2,1,1,1,1
693,21,car_body_style/party_B/dataset_split/val/Convertible/images - 2020-05-17T104328.137.jpg,Convertible,0,2,1,1,1,1
694,22,car_body_style/party_B/dataset_split/val/Convertible/images.jpg,Convertible,0,2,1,1,1,1
695,23,car_body_style/party_B/dataset_split/val/Convertible/images - 2020-05-17T104323.141.jpg,Convertible,0,2,1,1,2,7
696,24,car_body_style/party_B/dataset_split/val/Convertible/2Q__ (5).jpg,Convertible,0,2,1,1,1,1
697,25,car_body_style/party_B/dataset_split/val/Convertible/images - 2020-05-17T104326.669.jpg,Convertible,0,2,1,1,1,1
698,26,car_body_style/party_B/dataset_split/val/Convertible/images (42).jpg,Convertible,0,2,1,1,1,1
699,27,car_body_style/party_B/dataset_split/val/Convertible/images (57).jpg,Convertible,0,2,1,1,1,1
700,28,car_body_style/party_B/dataset_split/val/Convertible/images - 2020-05-17T104321.707.jpg,Convertible,0,2,1,1,1,1
701,29,car_body_style/party_B/dataset_split/val/Convertible/images (76).jpg,Convertible,0,2,1,1,1,1
702,30,car_body_style/party_B/dataset_split/val/Convertible/images - 2020-05-17T104325.511.jpg,Convertible,0,2,1,1,1,1
703,31,car_body_style/party_B/dataset_split/val/Convertible/images - 2020-05-17T104321.897.jpg,Convertible,0,2,1,1,1,1
704,32,car_body_style/party_B/dataset_split/val/Convertible/images (58).jpg,Convertible,0,2,1,1,1,1
705,33,car_body_style/party_B/dataset_split/val/Convertible/images - 2020-05-17T104331.101.jpg,Convertible,0,2,1,1,3,5
706,34,car_body_style/party_B/dataset_split/val/Convertible/images (24).jpg,Convertible,0,2,1,1,1,1
707,35,car_body_style/party_B/dataset_split/val/Convertible/images - 2020-05-17T104329.986.jpg,Convertible,0,2,1,1,1,1
708,36,car_body_style/party_B/dataset_split/val/Convertible/images (79).jpg,Convertible,0,2,1,1,1,1
709,37,car_body_style/party_B/dataset_split/val/Convertible/images (32).jpg,Convertible,0,2,1,1,1,1
710,38,car_body_style/party_B/dataset_split/val/Convertible/images (83).jpg,Convertible,0,2,1,1,1,1
711,39,car_body_style/party_B/dataset_split/val/Convertible/images (74).jpg,Convertible,0,2,1,1,2,2
712,40,car_body_style/party_B/dataset_split/val/Convertible/images (91).jpg,Convertible,0,2,1,1,1,1
713,41,car_body_style/party_B/dataset_split/val/Convertible/images - 2020-05-17T104327.112.jpg,Convertible,0,2,1,1,1,1
714,42,car_body_style/party_B/dataset_split/val/Convertible/9k_ (9).jpg,Convertible,0,2,1,1,1,1
715,43,car_body_style/party_B/dataset_split/val/Convertible/images (69).jpg,Convertible,0,2,1,1,1,1
716,44,car_body_style/party_B/dataset_split/val/Convertible/images - 2020-05-17T104326.230.jpg,Convertible,0,2,1,1,1,1
717,45,car_body_style/party_B/dataset_split/val/Convertible/images (56).jpg,Convertible,0,2,1,1,1,1
718,46,car_body_style/party_B/dataset_split/val/Convertible/images (10).jpg,Convertible,0,2,1,1,1,1
719,47,car_body_style/party_B/dataset_split/val/Convertible/images (66).jpg,Convertible,0,2,1,1,1,1
720,48,car_body_style/party_B/dataset_split/val/Convertible/images - 2020-05-17T104323.146.jpg,Convertible,0,2,1,1,1,1
721,49,car_body_style/party_B/dataset_split/val/Convertible/images - 2020-05-17T104324.126.jpg,Convertible,0,2,1,1,1,1
722,50,car_body_style/party_B/dataset_split/val/Coupe/images - 2020-05-17T112848.518.jpg,Coupe,1,2,2,1,7,2
723,51,car_body_style/party_B/dataset_split/val/Coupe/images (43).jpg,Coupe,1,2,2,1,7,7
724,52,car_body_style/party_B/dataset_split/val/Coupe/images - 2020-05-17T112903.860.jpg,Coupe,1,2,2,1,7,1
725,53,car_body_style/party_B/dataset_split/val/Coupe/images - 2020-05-17T112852.296.jpg,Coupe,1,2,2,1,2,2
726,54,car_body_style/party_B/dataset_split/val/Coupe/images - 2020-05-17T112858.731.jpg,Coupe,1,2,2,1,3,8
727,55,car_body_style/party_B/dataset_split/val/Coupe/images (44).jpg,Coupe,1,2,2,1,2,2
728,56,car_body_style/party_B/dataset_split/val/Coupe/images (78).jpg,Coupe,1,2,2,1,2,7
729,57,car_body_style/party_B/dataset_split/val/Coupe/images (94).jpg,Coupe,1,2,2,1,2,2
730,58,car_body_style/party_B/dataset_split/val/Coupe/images - 2020-05-17T112852.670.jpg,Coupe,1,2,2,1,2,2
731,59,car_body_style/party_B/dataset_split/val/Coupe/images - 2020-05-17T112849.830.jpg,Coupe,1,2,2,1,2,2
732,60,car_body_style/party_B/dataset_split/val/Coupe/images (77).jpg,Coupe,1,2,2,1,2,2
733,61,car_body_style/party_B/dataset_split/val/Coupe/images (89).jpg,Coupe,1,2,2,1,2,2
734,62,car_body_style/party_B/dataset_split/val/Coupe/images (52).jpg,Coupe,1,2,2,1,4,2
735,63,car_body_style/party_B/dataset_split/val/Coupe/images (62).jpg,Coupe,1,2,2,1,2,2
736,64,car_body_style/party_B/dataset_split/val/Coupe/images - 2020-05-17T112856.437.jpg,Coupe,1,2,2,1,1,2
737,65,car_body_style/party_B/dataset_split/val/Coupe/images - 2020-05-17T112854.153.jpg,Coupe,1,2,2,1,7,2
738,66,car_body_style/party_B/dataset_split/val/Coupe/images - 2020-05-17T112852.020.jpg,Coupe,1,2,2,1,2,2
739,67,car_body_style/party_B/dataset_split/val/Coupe/images - 2020-05-17T112902.872.jpg,Coupe,1,2,2,1,2,2
740,68,car_body_style/party_B/dataset_split/val/Coupe/images - 2020-05-17T112856.724.jpg,Coupe,1,2,2,1,1,2
741,69,car_body_style/party_B/dataset_split/val/Coupe/images (87).jpg,Coupe,1,2,2,1,7,2
742,70,car_body_style/party_B/dataset_split/val/Coupe/images - 2020-05-17T112859.685.jpg,Coupe,1,2,2,1,3,2
743,71,car_body_style/party_B/dataset_split/val/Coupe/images - 2020-05-17T112905.287.jpg,Coupe,1,2,2,1,1,1
744,72,car_body_style/party_B/dataset_split/val/Coupe/images.jpg,Coupe,1,2,2,1,1,2
745,73,car_body_style/party_B/dataset_split/val/Coupe/images (14).jpg,Coupe,1,2,2,1,2,2
746,74,car_body_style/party_B/dataset_split/val/Coupe/2Q__ (5).jpg,Coupe,1,2,2,1,2,2
747,75,car_body_style/party_B/dataset_split/val/Coupe/images - 2020-05-17T112847.323.jpg,Coupe,1,2,2,1,2,7
748,76,car_body_style/party_B/dataset_split/val/Coupe/images - 2020-05-17T112902.653.jpg,Coupe,1,2,2,1,7,7
749,77,car_body_style/party_B/dataset_split/val/Coupe/images - 2020-05-17T112847.854.jpg,Coupe,1,2,2,1,2,2
750,78,car_body_style/party_B/dataset_split/val/Coupe/images - 2020-05-17T112854.938.jpg,Coupe,1,2,2,1,1,2
751,79,car_body_style/party_B/dataset_split/val/Coupe/images - 2020-05-17T112850.716.jpg,Coupe,1,2,2,1,2,2
752,80,car_body_style/party_B/dataset_split/val/Coupe/images - 2020-05-17T112901.177.jpg,Coupe,1,2,2,1,2,2
753,81,car_body_style/party_B/dataset_split/val/Coupe/images (86).jpg,Coupe,1,2,2,1,2,2
754,82,car_body_style/party_B/dataset_split/val/Coupe/images (76).jpg,Coupe,1,2,2,1,1,1
755,83,car_body_style/party_B/dataset_split/val/Coupe/images (96).jpg,Coupe,1,2,2,1,2,2
756,84,car_body_style/party_B/dataset_split/val/Coupe/images - 2020-05-17T112843.503.jpg,Coupe,1,2,2,1,2,2
757,85,car_body_style/party_B/dataset_split/val/Coupe/images - 2020-05-17T112901.453.jpg,Coupe,1,2,2,1,2,2
758,86,car_body_style/party_B/dataset_split/val/Coupe/images - 2020-05-17T112839.003.jpg,Coupe,1,2,2,1,2,2
759,87,car_body_style/party_B/dataset_split/val/Coupe/images - 2020-05-17T112853.025.jpg,Coupe,1,2,2,1,2,3
760,88,car_body_style/party_B/dataset_split/val/Coupe/images (99).jpg,Coupe,1,2,2,1,2,2
761,89,car_body_style/party_B/dataset_split/val/Coupe/y.jpg,Coupe,1,2,2,1,1,8
762,90,car_body_style/party_B/dataset_split/val/Coupe/images - 2020-05-17T112900.688.jpg,Coupe,1,2,2,1,7,2
763,91,car_body_style/party_B/dataset_split/val/Coupe/images - 2020-05-17T112840.873.jpg,Coupe,1,2,2,1,2,7
764,92,car_body_style/party_B/dataset_split/val/Coupe/images (98).jpg,Coupe,1,2,2,1,3,2
765,93,car_body_style/party_B/dataset_split/val/Coupe/images (82).jpg,Coupe,1,2,2,1,1,2
766,94,car_body_style/party_B/dataset_split/val/Coupe/images (25).jpg,Coupe,1,2,2,1,7,7
767,95,car_body_style/party_B/dataset_split/val/Coupe/images - 2020-05-17T112909.790.jpg,Coupe,1,2,2,1,2,2
768,96,car_body_style/party_B/dataset_split/val/Coupe/images - 2020-05-17T112911.075.jpg,Coupe,1,2,2,1,7,2
769,97,car_body_style/party_B/dataset_split/val/Coupe/images (9).jpg,Coupe,1,2,2,1,2,2
770,98,car_body_style/party_B/dataset_split/val/Coupe/images (30).jpg,Coupe,1,2,2,1,2,2
771,99,car_body_style/party_B/dataset_split/val/Coupe/images - 2020-05-17T112845.037.jpg,Coupe,1,2,2,1,2,3
772,100,car_body_style/party_B/dataset_split/val/Hatchback/images - 2020-05-16T232218.523.jpg,Hatchback,2,2,3,1,5,3
773,101,car_body_style/party_B/dataset_split/val/Hatchback/images - 2020-05-16T232206.944.jpg,Hatchback,2,2,3,1,3,3
774,102,car_body_style/party_B/dataset_split/val/Hatchback/images - 2020-05-16T232213.117.jpg,Hatchback,2,2,3,1,7,3
775,103,car_body_style/party_B/dataset_split/val/Hatchback/images - 2020-05-16T232221.102.jpg,Hatchback,2,2,3,1,3,3
776,104,car_body_style/party_B/dataset_split/val/Hatchback/images (34).jpg,Hatchback,2,2,3,1,7,3
777,105,car_body_style/party_B/dataset_split/val/Hatchback/images - 2020-05-16T232212.566.jpg,Hatchback,2,2,3,1,3,3
778,106,car_body_style/party_B/dataset_split/val/Hatchback/images (67).jpg,Hatchback,2,2,3,1,3,3
779,107,car_body_style/party_B/dataset_split/val/Hatchback/images - 2020-05-16T232222.584.jpg,Hatchback,2,2,3,1,3,3
780,108,car_body_style/party_B/dataset_split/val/Hatchback/images (68).jpg,Hatchback,2,2,3,1,3,3
781,109,car_body_style/party_B/dataset_split/val/Hatchback/images (77).jpg,Hatchback,2,2,3,1,7,7
782,110,car_body_style/party_B/dataset_split/val/Hatchback/images (88).jpg,Hatchback,2,2,3,1,7,8
783,111,car_body_style/party_B/dataset_split/val/Hatchback/images (89).jpg,Hatchback,2,2,3,1,3,3
784,112,car_body_style/party_B/dataset_split/val/Hatchback/images - 2020-05-16T232214.173.jpg,Hatchback,2,2,3,1,3,8
785,113,car_body_style/party_B/dataset_split/val/Hatchback/images (52).jpg,Hatchback,2,2,3,1,3,3
786,114,car_body_style/party_B/dataset_split/val/Hatchback/images (72).jpg,Hatchback,2,2,3,1,3,3
787,115,car_body_style/party_B/dataset_split/val/Hatchback/images - 2020-05-16T232211.333.jpg,Hatchback,2,2,3,1,7,3
788,116,car_body_style/party_B/dataset_split/val/Hatchback/images - 2020-05-16T232210.912.jpg,Hatchback,2,2,3,1,2,2
789,117,car_body_style/party_B/dataset_split/val/Hatchback/2Q__ 2.jpg,Hatchback,2,2,3,1,7,3
790,118,car_body_style/party_B/dataset_split/val/Hatchback/images - 2020-05-16T232219.771.jpg,Hatchback,2,2,3,1,3,3
791,119,car_body_style/party_B/dataset_split/val/Hatchback/images - 2020-05-16T232217.440.jpg,Hatchback,2,2,3,1,7,3
792,120,car_body_style/party_B/dataset_split/val/Hatchback/images - 2020-05-16T232214.598.jpg,Hatchback,2,2,3,1,3,3
793,121,car_body_style/party_B/dataset_split/val/Hatchback/images - 2020-05-16T232214.861.jpg,Hatchback,2,2,3,1,4,3
794,122,car_body_style/party_B/dataset_split/val/Hatchback/images - 2020-05-16T232221.693.jpg,Hatchback,2,2,3,1,3,3
795,123,car_body_style/party_B/dataset_split/val/Hatchback/images - 2020-05-16T232214.034.jpg,Hatchback,2,2,3,1,3,3
796,124,car_body_style/party_B/dataset_split/val/Hatchback/images (22).jpg,Hatchback,2,2,3,1,3,3
797,125,car_body_style/party_B/dataset_split/val/Hatchback/images (93).jpg,Hatchback,2,2,3,1,2,7
798,126,car_body_style/party_B/dataset_split/val/Hatchback/images - 2020-05-16T232224.796.jpg,Hatchback,2,2,3,1,3,3
799,127,car_body_style/party_B/dataset_split/val/Hatchback/images - 2020-05-16T232208.502.jpg,Hatchback,2,2,3,1,3,3
800,128,car_body_style/party_B/dataset_split/val/Hatchback/images (84).jpg,Hatchback,2,2,3,1,3,3
801,129,car_body_style/party_B/dataset_split/val/Hatchback/images - 2020-05-16T232219.163.jpg,Hatchback,2,2,3,1,3,3
802,130,car_body_style/party_B/dataset_split/val/Hatchback/images (2).jpg,Hatchback,2,2,3,1,3,3
803,131,car_body_style/party_B/dataset_split/val/Hatchback/images - 2020-05-16T232220.063.jpg,Hatchback,2,2,3,1,3,3
804,132,car_body_style/party_B/dataset_split/val/Hatchback/images - 2020-05-16T232220.227.jpg,Hatchback,2,2,3,1,5,5
805,133,car_body_style/party_B/dataset_split/val/Hatchback/images - 2020-05-16T232211.770.jpg,Hatchback,2,2,3,1,3,3
806,134,car_body_style/party_B/dataset_split/val/Hatchback/images (42).jpg,Hatchback,2,2,3,1,3,7
807,135,car_body_style/party_B/dataset_split/val/Hatchback/images (86).jpg,Hatchback,2,2,3,1,3,3
808,136,car_body_style/party_B/dataset_split/val/Hatchback/images (76).jpg,Hatchback,2,2,3,1,3,8
809,137,car_body_style/party_B/dataset_split/val/Hatchback/images - 2020-05-16T232215.995.jpg,Hatchback,2,2,3,1,3,3
810,138,car_body_style/party_B/dataset_split/val/Hatchback/images - 2020-05-16T232226.132.jpg,Hatchback,2,2,3,1,3,8
811,139,car_body_style/party_B/dataset_split/val/Hatchback/images - 2020-05-16T232224.076.jpg,Hatchback,2,2,3,1,3,5
812,140,car_body_style/party_B/dataset_split/val/Hatchback/images - 2020-05-16T232216.495.jpg,Hatchback,2,2,3,1,3,5
813,141,car_body_style/party_B/dataset_split/val/Hatchback/images (33).jpg,Hatchback,2,2,3,1,3,3
814,142,car_body_style/party_B/dataset_split/val/Hatchback/images (79).jpg,Hatchback,2,2,3,1,3,3
815,143,car_body_style/party_B/dataset_split/val/Hatchback/images - 2020-05-16T232220.939.jpg,Hatchback,2,2,3,1,3,7
816,144,car_body_style/party_B/dataset_split/val/Hatchback/images - 2020-05-16T232217.582.jpg,Hatchback,2,2,3,1,3,3
817,145,car_body_style/party_B/dataset_split/val/Hatchback/images (8).jpg,Hatchback,2,2,3,1,7,2
818,146,car_body_style/party_B/dataset_split/val/Hatchback/images (10).jpg,Hatchback,2,2,3,1,3,3
819,147,car_body_style/party_B/dataset_split/val/Hatchback/images (66).jpg,Hatchback,2,2,3,1,3,3
820,148,car_body_style/party_B/dataset_split/val/Hatchback/images - 2020-05-16T232209.396.jpg,Hatchback,2,2,3,1,3,3
821,149,car_body_style/party_B/dataset_split/val/Hatchback/images - 2020-05-16T232226.578.jpg,Hatchback,2,2,3,1,3,2
822,150,car_body_style/party_B/dataset_split/val/Minivan/images - 2020-05-16T234903.330.jpg,Minivan,3,2,5,1,5,5
823,151,car_body_style/party_B/dataset_split/val/Minivan/9k_ (3).jpg,Minivan,3,2,5,1,5,5
824,152,car_body_style/party_B/dataset_split/val/Minivan/images - 2020-05-16T234900.946.jpg,Minivan,3,2,5,1,5,5
825,153,car_body_style/party_B/dataset_split/val/Minivan/images - 2020-05-16T234900.605.jpg,Minivan,3,2,5,1,5,3
826,154,car_body_style/party_B/dataset_split/val/Minivan/images - 2020-05-16T234907.105.jpg,Minivan,3,2,5,1,5,5
827,155,car_body_style/party_B/dataset_split/val/Minivan/images (64).jpg,Minivan,3,2,5,1,5,5
828,156,car_body_style/party_B/dataset_split/val/Minivan/images (81).jpg,Minivan,3,2,5,1,5,5
829,157,car_body_style/party_B/dataset_split/val/Minivan/images - 2020-05-16T234909.320.jpg,Minivan,3,2,5,1,5,5
830,158,car_body_style/party_B/dataset_split/val/Minivan/images - 2020-05-16T234901.650.jpg,Minivan,3,2,5,1,5,5
831,159,car_body_style/party_B/dataset_split/val/Minivan/images (7).jpg,Minivan,3,2,5,1,5,5
832,160,car_body_style/party_B/dataset_split/val/Minivan/images - 2020-05-16T234900.258.jpg,Minivan,3,2,5,1,5,5
833,161,car_body_style/party_B/dataset_split/val/Minivan/images - 2020-05-16T234859.158.jpg,Minivan,3,2,5,1,5,5
834,162,car_body_style/party_B/dataset_split/val/Minivan/images (31).jpg,Minivan,3,2,5,1,5,3
835,163,car_body_style/party_B/dataset_split/val/Minivan/images (77).jpg,Minivan,3,2,5,1,5,5
836,164,car_body_style/party_B/dataset_split/val/Minivan/images - 2020-05-16T234904.377.jpg,Minivan,3,2,5,1,5,5
837,165,car_body_style/party_B/dataset_split/val/Minivan/images - 2020-05-16T234906.287.jpg,Minivan,3,2,5,1,5,5
838,166,car_body_style/party_B/dataset_split/val/Minivan/images (17).jpg,Minivan,3,2,5,1,5,5
839,167,car_body_style/party_B/dataset_split/val/Minivan/images - 2020-05-16T234910.376.jpg,Minivan,3,2,5,1,5,5
840,168,car_body_style/party_B/dataset_split/val/Minivan/images - 2020-05-16T234911.057.jpg,Minivan,3,2,5,1,5,5
841,169,car_body_style/party_B/dataset_split/val/Minivan/images - 2020-05-16T234912.102.jpg,Minivan,3,2,5,1,5,5
842,170,car_body_style/party_B/dataset_split/val/Minivan/images - 2020-05-16T234907.828.jpg,Minivan,3,2,5,1,3,5
843,171,car_body_style/party_B/dataset_split/val/Minivan/images - 2020-05-16T234906.770.jpg,Minivan,3,2,5,1,5,5
844,172,car_body_style/party_B/dataset_split/val/Minivan/Z.jpg,Minivan,3,2,5,1,5,5
845,173,car_body_style/party_B/dataset_split/val/Minivan/images (2).jpg,Minivan,3,2,5,1,5,5
846,174,car_body_style/party_B/dataset_split/val/Minivan/images - 2020-05-16T234911.185.jpg,Minivan,3,2,5,1,5,5
847,175,car_body_style/party_B/dataset_split/val/Minivan/images - 2020-05-16T234907.702.jpg,Minivan,3,2,5,1,3,8
848,176,car_body_style/party_B/dataset_split/val/Minivan/images (90).jpg,Minivan,3,2,5,1,5,5
849,177,car_body_style/party_B/dataset_split/val/Minivan/images - 2020-05-16T234905.045.jpg,Minivan,3,2,5,1,5,5
850,178,car_body_style/party_B/dataset_split/val/Minivan/images (86).jpg,Minivan,3,2,5,1,7,8
851,179,car_body_style/party_B/dataset_split/val/Minivan/images - 2020-05-16T234904.026.jpg,Minivan,3,2,5,1,5,5
852,180,car_body_style/party_B/dataset_split/val/Minivan/images (76).jpg,Minivan,3,2,5,1,5,8
853,181,car_body_style/party_B/dataset_split/val/Minivan/images (4).jpg,Minivan,3,2,5,1,5,5
854,182,car_body_style/party_B/dataset_split/val/Minivan/images - 2020-05-16T234902.095.jpg,Minivan,3,2,5,1,5,5
855,183,car_body_style/party_B/dataset_split/val/Minivan/images - 2020-05-16T234905.153.jpg,Minivan,3,2,5,1,5,5
856,184,car_body_style/party_B/dataset_split/val/Minivan/images (65).jpg,Minivan,3,2,5,1,5,5
857,185,car_body_style/party_B/dataset_split/val/Minivan/images (85).jpg,Minivan,3,2,5,1,5,5
858,186,car_body_style/party_B/dataset_split/val/Minivan/images (99).jpg,Minivan,3,2,5,1,5,5
859,187,car_body_style/party_B/dataset_split/val/Minivan/images (73).jpg,Minivan,3,2,5,1,5,8
860,188,car_body_style/party_B/dataset_split/val/Minivan/images - 2020-05-16T234902.889.jpg,Minivan,3,2,5,1,5,5
861,189,car_body_style/party_B/dataset_split/val/Minivan/images (5).jpg,Minivan,3,2,5,1,5,3
862,190,car_body_style/party_B/dataset_split/val/Minivan/images (83).jpg,Minivan,3,2,5,1,5,5
863,191,car_body_style/party_B/dataset_split/val/Minivan/images - 2020-05-16T234906.982.jpg,Minivan,3,2,5,1,5,5
864,192,car_body_style/party_B/dataset_split/val/Minivan/images (74).jpg,Minivan,3,2,5,1,5,5
865,193,car_body_style/party_B/dataset_split/val/Minivan/images - 2020-05-16T234902.761.jpg,Minivan,3,2,5,1,5,5
866,194,car_body_style/party_B/dataset_split/val/Minivan/images - 2020-05-16T234905.829.jpg,Minivan,3,2,5,1,5,5
867,195,car_body_style/party_B/dataset_split/val/Minivan/images - 2020-05-16T234908.158.jpg,Minivan,3,2,5,1,5,5
868,196,car_body_style/party_B/dataset_split/val/Minivan/images - 2020-05-16T234858.374.jpg,Minivan,3,2,5,1,5,5
869,197,car_body_style/party_B/dataset_split/val/Minivan/images (63).jpg,Minivan,3,2,5,1,5,5
870,198,car_body_style/party_B/dataset_split/val/Minivan/images (30).jpg,Minivan,3,2,5,1,5,5
871,199,car_body_style/party_B/dataset_split/val/Minivan/images - 2020-05-16T234903.098.jpg,Minivan,3,2,5,1,5,5
922,250,car_body_style/party_B/dataset_split/val/Sedan/images (95).jpg,Sedan,5,2,7,1,7,7
923,251,car_body_style/party_B/dataset_split/val/Sedan/images - 2020-05-16T230645.966.jpg,Sedan,5,2,7,1,7,7
924,252,car_body_style/party_B/dataset_split/val/Sedan/images (78).jpg,Sedan,5,2,7,1,1,2
925,253,car_body_style/party_B/dataset_split/val/Sedan/images - 2020-05-16T230642.488.jpg,Sedan,5,2,7,1,7,7
926,254,car_body_style/party_B/dataset_split/val/Sedan/images - 2020-05-16T230643.721.jpg,Sedan,5,2,7,1,7,7
927,255,car_body_style/party_B/dataset_split/val/Sedan/images - 2020-05-16T230645.222.jpg,Sedan,5,2,7,1,7,2
928,256,car_body_style/party_B/dataset_split/val/Sedan/images (67).jpg,Sedan,5,2,7,1,3,3
929,257,car_body_style/party_B/dataset_split/val/Sedan/images (31).jpg,Sedan,5,2,7,1,3,7
930,258,car_body_style/party_B/dataset_split/val/Sedan/images (68).jpg,Sedan,5,2,7,1,7,8
931,259,car_body_style/party_B/dataset_split/val/Sedan/images (77).jpg,Sedan,5,2,7,1,3,8
932,260,car_body_style/party_B/dataset_split/val/Sedan/images (88).jpg,Sedan,5,2,7,1,7,7
933,261,car_body_style/party_B/dataset_split/val/Sedan/images - 2020-05-16T230649.344.jpg,Sedan,5,2,7,1,7,7
934,262,car_body_style/party_B/dataset_split/val/Sedan/images - 2020-05-16T230646.936.jpg,Sedan,5,2,7,1,2,2
935,263,car_body_style/party_B/dataset_split/val/Sedan/images (17).jpg,Sedan,5,2,7,1,7,2
936,264,car_body_style/party_B/dataset_split/val/Sedan/images_y.jpg,Sedan,5,2,7,1,7,7
937,265,car_body_style/party_B/dataset_split/val/Sedan/images_v.jpg,Sedan,5,2,7,1,7,7
938,266,car_body_style/party_B/dataset_split/val/Sedan/images - 2020-05-16T230645.004.jpg,Sedan,5,2,7,1,7,7
939,267,car_body_style/party_B/dataset_split/val/Sedan/images - 2020-05-16T230648.707.jpg,Sedan,5,2,7,1,2,3
940,268,car_body_style/party_B/dataset_split/val/Sedan/images - 2020-05-16T230640.640.jpg,Sedan,5,2,7,1,2,7
941,269,car_body_style/party_B/dataset_split/val/Sedan/images - 2020-05-16T230645.437.jpg,Sedan,5,2,7,1,5,7
942,270,car_body_style/party_B/dataset_split/val/Sedan/images (2).jpg,Sedan,5,2,7,1,7,3
943,271,car_body_style/party_B/dataset_split/val/Sedan/images (90).jpg,Sedan,5,2,7,1,2,3
944,272,car_body_style/party_B/dataset_split/val/Sedan/images - 2020-05-16T230649.872.jpg,Sedan,5,2,7,1,7,3
945,273,car_body_style/party_B/dataset_split/val/Sedan/images - 2020-05-16T230647.659.jpg,Sedan,5,2,7,1,3,7
946,274,car_body_style/party_B/dataset_split/val/Sedan/images (86).jpg,Sedan,5,2,7,1,7,7
947,275,car_body_style/party_B/dataset_split/val/Sedan/images - 2020-05-16T230639.212.jpg,Sedan,5,2,7,1,7,7
948,276,car_body_style/party_B/dataset_split/val/Sedan/images - 2020-05-16T230647.049.jpg,Sedan,5,2,7,1,7,7
949,277,car_body_style/party_B/dataset_split/val/Sedan/images - 2020-05-16T230644.146.jpg,Sedan,5,2,7,1,2,2
950,278,car_body_style/party_B/dataset_split/val/Sedan/images - 2020-05-16T230649.445.jpg,Sedan,5,2,7,1,2,3
951,279,car_body_style/party_B/dataset_split/val/Sedan/2Q__ (4).jpg,Sedan,5,2,7,1,7,2
952,280,car_body_style/party_B/dataset_split/val/Sedan/images - 2020-05-16T230648.806.jpg,Sedan,5,2,7,1,7,7
953,281,car_body_style/party_B/dataset_split/val/Sedan/images - 2020-05-16T230646.315.jpg,Sedan,5,2,7,1,7,7
954,282,car_body_style/party_B/dataset_split/val/Sedan/images - 2020-05-16T230650.608.jpg,Sedan,5,2,7,1,7,7
955,283,car_body_style/party_B/dataset_split/val/Sedan/images (73).jpg,Sedan,5,2,7,1,7,7
956,284,car_body_style/party_B/dataset_split/val/Sedan/images - 2020-05-16T230652.195.jpg,Sedan,5,2,7,1,7,7
957,285,car_body_style/party_B/dataset_split/val/Sedan/images - 2020-05-16T230648.076.jpg,Sedan,5,2,7,1,7,7
958,286,car_body_style/party_B/dataset_split/val/Sedan/images - 2020-05-16T230641.470.jpg,Sedan,5,2,7,1,7,3
959,287,car_body_style/party_B/dataset_split/val/Sedan/images - 2020-05-16T230644.898.jpg,Sedan,5,2,7,1,7,7
960,288,car_body_style/party_B/dataset_split/val/Sedan/images - 2020-05-16T230643.101.jpg,Sedan,5,2,7,1,7,2
961,289,car_body_style/party_B/dataset_split/val/Sedan/images (53).jpg,Sedan,5,2,7,1,2,7
962,290,car_body_style/party_B/dataset_split/val/Sedan/images - 2020-05-16T230648.490.jpg,Sedan,5,2,7,1,7,7
963,291,car_body_style/party_B/dataset_split/val/Sedan/images (40).jpg,Sedan,5,2,7,1,7,2
964,292,car_body_style/party_B/dataset_split/val/Sedan/images - 2020-05-16T230651.655.jpg,Sedan,5,2,7,1,7,2
965,293,car_body_style/party_B/dataset_split/val/Sedan/images (80).jpg,Sedan,5,2,7,1,7,7
966,294,car_body_style/party_B/dataset_split/val/Sedan/images (69).jpg,Sedan,5,2,7,1,7,7
967,295,car_body_style/party_B/dataset_split/val/Sedan/Z 2.jpg,Sedan,5,2,7,1,7,7
968,296,car_body_style/party_B/dataset_split/val/Sedan/images (8).jpg,Sedan,5,2,7,1,7,7
969,297,car_body_style/party_B/dataset_split/val/Sedan/images (9).jpg,Sedan,5,2,7,1,2,2
970,298,car_body_style/party_B/dataset_split/val/Sedan/images - 2020-05-16T230642.793.jpg,Sedan,5,2,7,1,7,2
971,299,car_body_style/party_B/dataset_split/val/Sedan/images (30).jpg,Sedan,5,2,7,1,7,7
